-- phpMyAdmin SQL Dump
-- version 5.2.0
-- https://www.phpmyadmin.net/
--
-- Хост: 127.0.0.1:3306
-- Время создания: Июн 27 2023 г., 16:11
-- Версия сервера: 8.0.30
-- Версия PHP: 8.1.9

SET SQL_MODE = "NO_AUTO_VALUE_ON_ZERO";
START TRANSACTION;
SET time_zone = "+00:00";


/*!40101 SET @OLD_CHARACTER_SET_CLIENT=@@CHARACTER_SET_CLIENT */;
/*!40101 SET @OLD_CHARACTER_SET_RESULTS=@@CHARACTER_SET_RESULTS */;
/*!40101 SET @OLD_COLLATION_CONNECTION=@@COLLATION_CONNECTION */;
/*!40101 SET NAMES utf8mb4 */;

--
-- База данных: `laravel-project2`
--

-- --------------------------------------------------------

--
-- Структура таблицы `articles`
--

CREATE TABLE `articles` (
  `id` bigint UNSIGNED NOT NULL,
  `title` varchar(255) COLLATE utf8mb4_unicode_ci NOT NULL,
  `slug` varchar(255) COLLATE utf8mb4_unicode_ci NOT NULL,
  `body` text COLLATE utf8mb4_unicode_ci NOT NULL,
  `img` varchar(255) COLLATE utf8mb4_unicode_ci NOT NULL,
  `published_at` timestamp NOT NULL,
  `created_at` timestamp NULL DEFAULT NULL,
  `updated_at` timestamp NULL DEFAULT NULL
) ENGINE=InnoDB DEFAULT CHARSET=utf8mb4 COLLATE=utf8mb4_unicode_ci;

--
-- Дамп данных таблицы `articles`
--

INSERT INTO `articles` (`id`, `title`, `slug`, `body`, `img`, `published_at`, `created_at`, `updated_at`) VALUES
(1, 'Quasi eum error voluptas placeat ullam aut.', 'quasi-eum-error-voluptas-placeat-ullam-aut', 'Sunt voluptatum repudiandae architecto ut hic ducimus. Voluptas quod similique voluptas. Enim repellendus et reiciendis neque itaque alias quo. Non sit similique molestiae id. Animi et adipisci nostrum voluptatem recusandae. Ipsam nobis adipisci veritatis ratione inventore. Qui quia vero voluptas ut. Soluta et necessitatibus et velit molestias. Iste voluptatem doloremque illo quia et. Vero aut totam tempore sint laboriosam. Quas quas expedita qui. Modi error tempora temporibus debitis odio similique odio perspiciatis. Officiis porro laudantium sequi delectus possimus tempora repudiandae. Expedita vitae pariatur adipisci sapiente ullam. Provident unde dolorum illum amet culpa. Earum nesciunt et nihil qui aliquam et ducimus. Voluptas possimus quis est. Quod et earum et voluptas nam. Et accusantium tempora sequi ut aspernatur tenetur repellat. Exercitationem eveniet ut et ad in velit maxime aut. Qui voluptatem nesciunt explicabo tempore mollitia. Qui sed et voluptas et sit cumque et. Sint non odio accusamus qui sit. Saepe sint corrupti rerum omnis aut ut. Id iste accusantium explicabo rem odit quo. Voluptatem sed ut ipsam tenetur. Omnis autem quas error. Voluptas aut necessitatibus nihil dolorem libero. Amet qui numquam blanditiis quae. Quo et incidunt molestiae corrupti quasi beatae sapiente. Ratione non aperiam nesciunt voluptate officia beatae iusto neque. Et maiores debitis molestias quibusdam. Adipisci non qui repellat enim expedita placeat. Consectetur assumenda qui molestiae eveniet mollitia. Est dignissimos dolorem excepturi est laborum eum. Deserunt et aliquam molestias similique quasi non ullam. Illo excepturi reiciendis et eligendi. Vitae reprehenderit ea quia at. Sunt dolore nesciunt dolorem ullam dolorum. Natus autem alias perferendis odit rerum ducimus aut porro. Aliquam voluptas voluptatum pariatur aut aut. Molestias consequatur quasi sit magnam. Qui quos dolorem et enim neque nostrum. Nihil dolore numquam iusto repellat et quia eum. Ut tempora corrupti et numquam. Perferendis accusantium eum quae sit beatae. Corporis molestias earum voluptatum. Dolore aspernatur nam qui quod minus sequi error. Omnis doloribus dicta delectus distinctio. Laborum consectetur inventore fugit accusamus nisi eligendi ex. Ab et quidem consequatur sit in corrupti fugit. Quisquam ea qui in voluptatem vel soluta. Maxime ea odit sit amet rerum. Autem cumque saepe eum nesciunt rem hic quia. Amet at inventore quaerat. Ratione deserunt quos aspernatur veritatis voluptatem animi. Sit magni illo provident totam similique consequatur dolorem. Voluptatem optio aperiam quae veniam. Aut eum ut dolorem molestiae consectetur. Nam voluptatum ut reiciendis in. Blanditiis quod est enim. Enim optio voluptatem ea nisi consectetur. Ea architecto fugit unde tempora qui. Et error voluptatem est nam libero culpa. Nostrum est voluptatibus placeat magnam repudiandae. Magni corrupti cupiditate iusto qui voluptatem. Aut distinctio aspernatur ipsum et repellendus quibusdam. Vero aspernatur qui vitae eligendi aliquid. Excepturi excepturi eos error minus. Fugiat quo voluptatem magni. Et eius quo ipsum voluptatem. Quas magni dolores reprehenderit aut voluptate et voluptate nobis. Et dolores culpa quis odit. Porro consequatur praesentium nisi aut. Accusantium quibusdam vitae sunt excepturi sunt ab quia. Id aliquid architecto magni quia. Dolorum eligendi et temporibus tempore. Cum nemo ea voluptas consequuntur. Et nobis cumque iste sed doloribus aut magnam. Aliquid incidunt non accusantium labore nemo. Numquam quae aut animi autem similique adipisci veniam ex. Beatae veniam eum provident molestias. Officiis aut exercitationem tempore consequatur. Omnis aut unde consequuntur. Nam maxime dolores eaque accusantium modi illum quidem. Consequatur amet magni autem quis tenetur. Laudantium ut impedit nobis optio quis et. Perspiciatis maiores nisi voluptatum vel voluptates odit. Quia commodi et at dolorem dolorum natus. Eaque reprehenderit odio iure facere. Nihil autem omnis ut. Magni necessitatibus aut laudantium aut ut quaerat ratione. Quibusdam sit sit optio et accusamus distinctio eaque. Veritatis eum ducimus soluta aut consequatur nihil qui voluptas. Impedit laboriosam et modi aut. Commodi est quam dolor expedita deserunt. Iste nobis aut eos rerum odio in numquam. Quisquam quam qui voluptatem minima. Et sint suscipit ut et illum sunt a. Quae ut dolor assumenda qui et. Dolor eos et vel. Qui et expedita quis quibusdam veritatis vel qui et. Aut laborum dolor adipisci quae dolores. Soluta veniam maxime et in placeat sed. Quis et ex odio eveniet. Et temporibus sed ratione aut corrupti at earum. Rerum sapiente natus quo. Optio quia tenetur dolorum. Tenetur et nobis hic veritatis ea. Quae qui vel voluptates. Amet architecto impedit et aperiam. Occaecati voluptatem asperiores accusamus velit animi. Doloribus exercitationem quia quidem eveniet. Odio et facere et. Sequi qui laudantium qui est quibusdam voluptatibus. Maiores dolor dolorem qui quidem. Aut excepturi ut voluptate officiis minima. Accusamus voluptatem distinctio iure laborum qui maxime atque. Officiis saepe ut ab magni iste est. Eos ut recusandae sequi expedita dicta labore optio. Incidunt ut nulla id vitae laboriosam. Eveniet ipsum alias officia repellat nisi fuga nihil voluptatem. Sed ut non voluptates maxime atque. Temporibus qui soluta voluptatem labore quis at. Culpa rerum possimus nesciunt rerum error corrupti a. Debitis amet et molestiae occaecati vitae fugiat et. Architecto rem eaque et voluptatem. Praesentium itaque optio dolore eum. Tempora cupiditate autem molestiae facere eveniet. Id quia animi ut molestias enim esse. Maxime illo placeat necessitatibus nulla et. Itaque dicta omnis illum ut nemo saepe. Ut illo quisquam ut sed omnis. Autem tenetur magni ab eum illum dolorem.', 'https://img.freepik.com/free-photo/beautiful_1203-2633.jpg', '2023-06-05 12:19:42', '2023-05-15 14:50:39', '2023-06-05 12:19:42'),
(2, 'Voluptas in consequatur assumenda et est est.', 'voluptas-in-consequatur-assumenda-et-est-est', 'Similique ullam nam praesentium qui ab quibusdam. Nemo consequatur fuga suscipit et tempora ratione quasi eum. Est suscipit est porro est. Officia aspernatur ratione sit aut omnis libero. Modi doloribus aut sunt est nostrum reprehenderit. Perspiciatis nulla facere rerum quia. Et ut quia molestiae similique. Officiis corrupti quo magnam officiis. Deleniti quia alias repudiandae cum. Dolorem accusantium est accusamus velit. Molestiae quia ducimus facere odit nesciunt qui voluptatum. Voluptate culpa doloremque voluptatibus veniam molestias. Magnam optio nihil aut quia. Autem saepe reiciendis odit distinctio. Qui atque culpa fugiat assumenda eum fugit. Ratione aspernatur ad sunt sint. Quasi ab quaerat et odit exercitationem labore et. Sint quo qui ad aut labore ut numquam id. Voluptas dolor occaecati nulla consequatur illum ipsam. Omnis iusto magni saepe sed sequi. Eveniet quae consequatur fugiat delectus et aut. Aut ullam officia et accusamus dolorem. Culpa esse explicabo praesentium modi repudiandae. Qui labore omnis iste pariatur dolores quo in. Eum qui nihil facere iusto provident. Omnis voluptas est non hic ut. Tempora occaecati sunt facilis quo ad illum doloremque. Sint quam dignissimos non voluptatem molestias. Non expedita odio similique velit libero debitis. Voluptates ut assumenda velit saepe culpa. Et illo aliquid placeat dicta ratione et. Corrupti ex maxime laboriosam dolorum eaque necessitatibus. Sed minus eveniet maiores et suscipit facere repudiandae. Quas quod enim quis sint. Sequi explicabo quam animi reiciendis voluptate. Repellat labore quo odio laudantium. Doloremque sit ab asperiores sit minus. Voluptas ab qui sapiente aut molestias. Beatae ut accusantium consequuntur. Maxime ut numquam repellendus odit. Incidunt occaecati qui tempore. At sed ut in in quia. Dolorem reprehenderit rerum incidunt. Ad omnis sed qui. Alias aut sed sed consequatur culpa consequatur facere. Nisi rerum qui quam cum fuga enim ullam. Recusandae occaecati et doloremque. Architecto id molestiae et est veniam. Tempora voluptates sed accusantium ipsum aut. Quam ea assumenda provident minus ut et sed. Voluptatem sint autem praesentium tenetur. Voluptate harum perferendis repellat eum expedita ut voluptate. Ratione voluptates optio magnam corrupti doloremque dolores. A vel aut quia reiciendis amet enim quos. Architecto rerum doloremque dolore autem repellendus mollitia fugit aut. Aut sed sunt a eos accusamus numquam. Voluptatem molestiae aut deserunt repellat dolores perferendis rerum. Vel fugiat iure qui corporis voluptatibus. Ea sed sapiente quidem tenetur facere rem nihil. Illum maxime nesciunt fugiat iste commodi cupiditate quis. Officiis consectetur asperiores quia eum commodi quo. Veritatis repudiandae quia a veritatis magnam. Error sed molestias vel officia. Ratione harum ut consectetur corporis mollitia. Quis et repudiandae labore sit totam ea similique. Dolorem et et consequatur minus ut est non. Ullam ipsum reprehenderit nisi fuga magni. Ab necessitatibus non nesciunt perferendis tempora. Consequatur doloribus et quia id. Sint neque sint officia perspiciatis et. Assumenda molestiae in dolor cum ut est. Possimus qui quos maiores non rerum. Nisi qui sit sunt aut. Ducimus provident odit debitis dolore. Possimus excepturi aut saepe voluptatum odio non et. Totam consequatur atque cupiditate neque. Ut ullam ducimus inventore tenetur et quo aut. Amet repudiandae animi iusto autem culpa. Accusamus iusto totam est. Corrupti in corrupti delectus modi recusandae. Sed voluptatem quos in itaque aut non in. Possimus et ipsam non repudiandae et. Autem voluptatem optio cum est cumque temporibus. Quidem officia vero dicta harum libero eligendi. Aut praesentium dicta quas corrupti adipisci sunt sint ullam. Voluptatum quia tenetur ipsa id. Alias esse veritatis temporibus veniam odio rerum omnis. Ea doloremque sed sit sit quos. Quis voluptate culpa assumenda dignissimos. Possimus aut reiciendis rerum suscipit rerum voluptas ut. Velit et voluptatem voluptas et alias nulla. Doloribus consectetur aut vitae perspiciatis iusto. Dolor laudantium amet est perferendis doloremque qui. Et et repellendus commodi perspiciatis nostrum. Sapiente temporibus dolor sed repellendus similique assumenda. Rem quisquam qui iure dolorum magni dignissimos. Earum ea natus voluptas nemo facere cum. Deleniti explicabo omnis labore nesciunt laborum. Est amet qui quibusdam quo ullam ut. Velit totam sed quis dicta veritatis occaecati. Tenetur possimus quisquam et eligendi quia optio excepturi. Quos odio cum consequuntur molestias vero porro et. Repellat pariatur dolor sapiente et. Repellendus voluptas at vel tenetur omnis. Impedit deserunt ducimus debitis dicta. Architecto voluptas non ad distinctio quod aut assumenda. Dolor nisi soluta alias quidem aut. Sint quisquam commodi sed quisquam est. Ipsam cupiditate enim tenetur sed et ea. Sit quia neque sed et sint id possimus. Distinctio quia aperiam esse repellendus iure. Hic rerum iure quod quaerat. Rerum natus laborum et tempore ipsum. Dolores repellat velit sit. Sit nemo quo qui voluptatibus dolorum id et. Sed ipsa sapiente recusandae occaecati. Quasi nostrum omnis voluptatem porro sed doloribus quaerat. Accusamus ea commodi facilis incidunt. Corporis eligendi ad quia nihil temporibus. Aperiam consectetur mollitia illum dolorem ut. Asperiores labore tempore quod et at. Suscipit facilis sed est repudiandae rerum. Corrupti assumenda animi doloremque est rem quis enim. Aut fugit ullam voluptas aut repudiandae velit. Quibusdam expedita suscipit ut at voluptas voluptatem. Aut beatae consectetur dolorum aliquam est et. Itaque eum minus mollitia est hic ea.', 'https://img.freepik.com/free-photo/beautiful_1203-2633.jpg', '2023-06-05 12:19:42', '2022-12-22 00:29:21', '2023-06-05 12:19:42'),
(3, 'Alias corporis molestiae autem nesciunt provident amet veritatis.', 'alias-corporis-molestiae-autem-nesciunt-provident-amet-veritatis', 'Incidunt inventore repudiandae dolores consequuntur quos quaerat. Non at sit odio corrupti et tempore dolor. Enim accusantium earum natus. Porro esse suscipit et deleniti et quod illo. Odio itaque veniam officia. Molestiae fuga in occaecati in libero. Autem placeat exercitationem molestiae ex illum est voluptas. Aut labore aut accusantium quis in porro voluptatem. Tempora quia sit consequatur. Et ut voluptatem hic amet et. Voluptatem cupiditate tempore fuga aliquam doloribus. Velit iure sint qui officia. Et officia dolores aut excepturi. Et et et distinctio harum ab aliquam molestiae. Sed numquam sint qui et tenetur sint laborum. Qui qui mollitia blanditiis asperiores. Voluptatem sit saepe aut ut est enim autem. Sunt ut corrupti maxime necessitatibus voluptatem fuga. Id est aperiam et voluptas tempora voluptas. Qui iste maxime aliquam aut vitae ut. Voluptas id labore dolorum eos minus quis voluptate. Earum voluptates assumenda fugiat adipisci. Id facere necessitatibus aperiam ipsa nesciunt. Corporis odit nisi maxime numquam maxime. Consequuntur amet inventore reprehenderit ab laudantium rerum reprehenderit voluptates. Ut qui quia et quia aut excepturi reiciendis. In est ut amet dolores. Ab ullam omnis harum est molestiae. Labore incidunt rerum magnam quis unde. Corrupti et ipsam vero. Laboriosam et quod a autem est incidunt quia saepe. Quia dolorum ut vel consequatur quae porro. Dolorem officia nam ex eius iste quae. Enim dolores vero velit dolores. Autem voluptas sunt autem voluptatem aut et ab. Maxime accusantium mollitia saepe nemo. Quae aut dolor neque sed distinctio qui. Ducimus libero soluta asperiores aliquid modi officiis. Est recusandae quo dolores est. Et rerum velit repellat perspiciatis dolorum. Rem et repudiandae tempore recusandae eum rerum. In ex voluptatibus et. Ea repudiandae in iste qui et magni porro. Cumque maxime reiciendis accusamus expedita et eveniet. Officia at numquam et qui. Consequatur possimus ut fugit ut tempore in soluta. Sit deleniti corporis possimus tempore ab. Nihil consequuntur ipsa autem. Aut mollitia libero illo voluptas. Vero nihil officia magni. Libero architecto quisquam modi fugiat voluptatem. Dolorem distinctio eaque dicta. Minus eius minus et quis sit. Ab ipsam sunt consequatur nemo amet qui quidem. Fuga et officia et velit aut magni. Optio occaecati quis aliquid non aut et. Suscipit illo est animi et non. Voluptas iure ducimus tempora aspernatur eos voluptatibus sit. Nesciunt alias pariatur sunt rerum vero. Quia corporis nobis odio. Nobis iste soluta cumque omnis provident. Consequuntur quis saepe asperiores eum dicta aliquam. Non consectetur illo et numquam. Laboriosam quo eius nihil optio quam beatae maxime. Nulla voluptas libero dolorum et est. Officiis repellendus nesciunt maiores veniam est ut. Ipsa quidem reprehenderit illo qui minima quis necessitatibus. Placeat ut fuga aliquam facere. Reprehenderit sed reprehenderit illo explicabo dolor. Sed eos ut deleniti perspiciatis dolor. Dolore nihil et et dolore. Ut minus magnam molestias sit vel ea fugiat. Cupiditate similique quam fuga. Nulla dicta sit repellat ipsa qui. Odio voluptas saepe magni. Deleniti sequi quod quia vero est quos quidem. Velit suscipit non laborum. Aut velit suscipit temporibus voluptatem et sunt. Accusantium corrupti aut et debitis nihil officia aut. Earum temporibus dignissimos voluptate. Temporibus ducimus eum dignissimos consectetur neque deleniti. Occaecati aut nemo labore. Aut impedit ipsam et voluptas hic praesentium. Quaerat voluptas est debitis excepturi consequatur. Laborum non qui nisi quia reiciendis quod. Consectetur tenetur soluta unde. Repellendus qui fuga molestias repudiandae. Eveniet eum et quia reprehenderit facilis.', 'https://img.freepik.com/free-photo/beautiful_1203-2633.jpg', '2023-06-05 12:19:42', '2022-09-04 06:20:56', '2023-06-05 12:19:42'),
(4, 'Saepe aut voluptatem asperiores sequi dolor.', 'saepe-aut-voluptatem-asperiores-sequi-dolor', 'Iusto non magnam dolorem voluptatibus laboriosam aspernatur. Exercitationem similique sit eum eos quod corporis et quia. Ut ea quia omnis nemo saepe ipsa perspiciatis. Tenetur at velit voluptatem aliquid voluptas et eligendi. Veritatis maxime fugiat aperiam ex qui. Beatae ipsa est quae doloremque ad aspernatur. Quaerat dolore rem quo similique. Assumenda quo beatae rerum est est. Quod eius sunt officiis asperiores atque eligendi rem. Voluptatum omnis rerum doloribus asperiores velit. Assumenda vel quae et aspernatur et. Ea ad voluptas architecto consequatur corrupti eos. Sunt iure non eveniet cum animi quasi error. Ut tempore velit ea sint est minus et. Non tempore id unde omnis. In ab eos quia quisquam impedit. Dolor voluptas et illum minima voluptas. Saepe rem velit sed alias et. Nemo qui odio voluptatibus rem magnam aut vitae occaecati. Doloremque quas voluptatem et vel voluptas sint et facere. Voluptatem ut numquam ea minus. Dolore ut eligendi temporibus qui accusamus deleniti aut. Veritatis molestiae rerum dicta dolores nisi aspernatur. Aliquam id id et sed illo sit. Sunt dolore eligendi ad dolorem ipsam et. Voluptatem laboriosam quia voluptatem rerum ipsum. Totam delectus ut inventore dolor quia libero ipsa. Laboriosam animi sunt sed amet consequuntur. Molestias consequatur rem enim non qui. Minima doloribus odio eligendi maiores in sit quia. At in laborum quam qui qui odio blanditiis. Perspiciatis incidunt qui in sit. Illo nulla earum iste explicabo commodi ratione non. Nostrum eos quo laudantium consequatur sunt rerum veritatis. Rem voluptatem pariatur consequatur nihil quo earum. Corrupti unde aut voluptatibus provident voluptas. Cumque itaque id repudiandae aperiam. Voluptas eos ipsum alias error. Eum nisi tenetur aut dicta magni iusto dolore. Ducimus aliquam rerum eligendi rerum libero. Et nostrum eveniet ipsum et porro. Autem ut itaque qui incidunt ab quos. Et tempora ut consequuntur eos. Tempore dolor labore aut expedita. Aut qui voluptatem quaerat repellendus. Ab ut beatae aut rerum rerum blanditiis. Eveniet sit dolor quia aut. Et consequatur ipsum ad ut cumque quis qui. Nesciunt corrupti non mollitia suscipit quos soluta molestiae. Beatae voluptas dolor minima. Fugit tenetur accusantium ipsum voluptatum non dolores. Sit et quae fugit eum. Et accusamus sed fuga tempore ipsa adipisci itaque. Enim quasi molestias nihil aut. Sed et corporis nesciunt fugiat sed. Et saepe voluptas iure sed eaque dolor. Id ut temporibus est. Suscipit mollitia et odio eos autem nisi est laboriosam. Quasi reiciendis quasi nam quo et vero non. Necessitatibus sunt fuga repellendus quis non consequatur. Eos ratione voluptatibus neque doloribus. Quas quia similique expedita quia nulla. Nulla placeat rem adipisci eum eveniet dolorem dolore dolorem. Quae laudantium molestiae et aut tempora ab eaque. Inventore iusto consequuntur eum qui nihil debitis sit. Quibusdam cum quod saepe magnam. Veniam ratione id aut est nemo odit sit. Ut et ducimus mollitia atque. Nobis laborum sunt occaecati consequuntur perferendis. Sequi impedit alias repellat non rerum recusandae. Rerum et nobis optio est. Unde consequatur qui nisi et sed eos saepe non. Assumenda esse minima ratione occaecati nihil rerum sint. Tenetur explicabo perferendis molestiae dolorem nam sed. Officiis commodi consequatur est id sed minus unde. Tempore provident officia quas quia est. Enim est sed nulla voluptatem est pariatur. Iure voluptas est exercitationem est. Aspernatur fugit ab dolores fugiat consequuntur ut. Fugiat reprehenderit dolores ad itaque. Esse rem voluptate vel. Velit quo tempore distinctio delectus magni. Maiores quaerat iusto sequi eum temporibus excepturi cupiditate amet. Reiciendis suscipit velit suscipit maiores occaecati veritatis velit. Deserunt aut quia libero blanditiis voluptatem excepturi. Architecto totam odit nam unde ea culpa dolorem. Eius ut non aliquid architecto eum nulla quam. Id aliquid illum quo corporis. Aut ea cupiditate veniam omnis in id assumenda. Ut ducimus numquam non omnis et explicabo. Aut quas consequatur ipsum. Cupiditate aut possimus consequatur voluptatibus aperiam ad repudiandae. Autem nihil optio quam facere velit ipsa. Id delectus sit eos pariatur consequatur. In pariatur corrupti sunt. Dolorem at ut sunt repellat aut distinctio ut. Autem ipsum ab sed omnis enim saepe a illum. Voluptates vel deleniti aliquam atque. Eius officia voluptates vel ipsa sint totam vel vel. Repellat harum voluptate dolorem voluptatem voluptates. Iste et autem architecto voluptas ipsam necessitatibus pariatur aut. Exercitationem autem in a voluptatem. Optio est repellat aut in autem. Esse expedita qui in placeat aliquam id exercitationem. Dolores similique voluptates ea labore vitae fugit ut. Possimus et ut expedita omnis facilis. Itaque quidem laboriosam harum ipsam qui et. Iure aut occaecati officia quos. Rerum ipsam quidem unde numquam magni velit quibusdam. Voluptatem voluptas et iure ea accusamus nostrum. Aperiam ut suscipit nihil enim veniam. Et sequi quas ut doloribus nemo suscipit. Velit possimus eum eum reiciendis. Unde adipisci reiciendis veniam earum similique est ipsa. Quo totam eaque unde. Recusandae iusto inventore dolorem. Est est nemo commodi saepe. Ipsum ut temporibus ullam sed sint. Saepe alias enim nemo exercitationem incidunt. Odit hic corrupti ab ab consectetur nobis perferendis. Fugiat non aut ea reiciendis dolorem eligendi dolor laboriosam. Recusandae praesentium optio repellendus maxime et. Quasi rerum error vel a. Harum corporis repellat expedita aut. Ut eveniet et reprehenderit quis. Dolor quo harum corporis eum provident numquam minus.', 'https://img.freepik.com/free-photo/beautiful_1203-2633.jpg', '2023-06-05 12:19:42', '2022-11-09 01:36:37', '2023-06-05 12:19:42'),
(5, 'Magnam iusto quam neque quam.', 'magnam-iusto-quam-neque-quam', 'Modi sit totam architecto vitae distinctio aut ut sunt. Aliquid pariatur eos facilis similique provident. Et accusamus et quo quo qui nostrum. Sequi pariatur aut praesentium dignissimos et hic dolorem. Velit et sint enim occaecati. Nam sunt laborum odit et. Doloremque dolorem illum ut alias eum. Quia aut nostrum sint quibusdam. Eveniet officiis facilis enim velit praesentium consectetur. Laudantium fugiat dicta ut blanditiis. Et qui itaque dolorem aut voluptatem in repellendus dolor. In nostrum qui nulla repellendus cupiditate in aut. Sit in nulla et aspernatur. Modi reiciendis nostrum molestiae necessitatibus. Dolor ad sequi vitae. Ut occaecati saepe dolorem praesentium et quaerat sunt rerum. Autem odio distinctio officiis quo. Consequatur fuga ratione amet sit atque vero sed. Beatae consequuntur unde dolorem tempora sit. Reprehenderit voluptatum molestiae voluptatem velit esse. Iste et nihil vitae blanditiis ad. Rerum distinctio et non magnam adipisci voluptatem illo molestiae. Iusto incidunt sed soluta aut soluta libero expedita. Enim eos et libero. Reprehenderit aliquid quis cumque eos reprehenderit. Expedita vitae vero qui quae ad iste ab. Dolores praesentium dolor qui. Possimus omnis rerum earum repudiandae. Eius delectus excepturi sint autem qui eveniet. Doloremque iste a repellendus molestias eius ratione possimus. Non impedit qui suscipit necessitatibus. Ut iure reprehenderit vel unde eos. Totam laborum aspernatur blanditiis optio earum quos. Omnis recusandae sed at aut laborum delectus. Sint assumenda inventore voluptatem quia qui repellendus officiis. Maiores accusamus dolor aut enim voluptatem. Odio voluptas dolor libero rem minus cum autem. Inventore doloribus pariatur ut voluptatum asperiores quia. Et aut veritatis et rerum odit et commodi voluptate. Totam veritatis quis illo fuga. Enim est mollitia tempora error et modi magni adipisci. Enim facere sit iure molestiae. Cupiditate facere velit nobis voluptatum. Possimus rerum alias architecto. Porro quis sed illo qui. Aspernatur vero nostrum deleniti et et ipsum eligendi. Minus placeat vel iure enim placeat voluptatum facere. Id tenetur voluptatem quibusdam a at aut. Harum fugit est ipsam sit quis autem. Quae deleniti qui voluptatibus molestiae. Veniam quam laudantium repudiandae velit exercitationem. Laborum a iste autem quo minima quo. Officia mollitia non ipsum ut id. Et nobis dolor ut pariatur minima. Cum ea suscipit voluptatum est deleniti suscipit in. Doloremque sunt unde laboriosam corporis. Ipsa quis minima tempora aliquid aut minus aut. Laboriosam recusandae neque mollitia temporibus voluptatem enim. Aut quae aliquam quia repellat. Consequatur ut vel modi sit quis maiores. Ut iure autem qui ducimus esse. In rerum laboriosam dicta. Molestiae eos vitae optio et totam dignissimos est. Repellat facilis dolor sint vero totam. Pariatur tempore et fuga soluta sequi. Mollitia aut harum esse voluptas repellat. Reprehenderit debitis et exercitationem ea suscipit. Nemo consectetur eum earum eaque fugit. Libero ut vero enim occaecati voluptate ipsa adipisci. Sed quibusdam quis ut est iure exercitationem. Voluptate nemo neque porro esse. Iste saepe et aut in dolor. Aut sapiente quod atque laborum ipsa dolores temporibus. Neque vel omnis sequi non. Libero qui sed consequatur sunt at. Et dolor blanditiis non voluptatem consequatur. Expedita enim enim quos ab. At nostrum necessitatibus magni et sed nam porro. Fugiat magnam voluptatum ab ipsam. Nulla accusantium sunt eveniet voluptatem eos beatae. Ipsam consequatur minus voluptatem. Ab adipisci aut explicabo consequuntur ut animi amet. Et alias exercitationem eum nihil optio illum. Eos dolores et suscipit sunt et placeat. Eos veritatis harum ipsum quae aperiam. Deleniti voluptatibus quis dolorum. Beatae reprehenderit quo exercitationem saepe temporibus sed. Eveniet possimus culpa quia sint earum et reprehenderit. Assumenda voluptates vel dolores cum facere. Voluptatum quos adipisci dolorem ipsum est consequatur voluptate. Rerum reiciendis sed modi qui ipsum. Sint expedita non dicta quia aut in. In qui aut non eum et rerum. Voluptatem hic sequi est. Accusamus est et vel expedita. Est id eveniet beatae ut expedita dolorum. Saepe incidunt quis tenetur est. Nulla tenetur provident unde numquam unde. Vitae sit occaecati molestiae officiis nam. Facilis explicabo rerum sit nihil dolores. Quaerat non sequi odio quae voluptatem. Rem quia ipsam et facere culpa occaecati laborum. Distinctio impedit qui doloremque cum veniam eum officia. Et quasi qui facilis adipisci autem praesentium hic. Est earum aut quia eius. Dolorem voluptas aut cum quos nihil. Et molestiae in perspiciatis vel sint unde. Magni voluptas quia nisi. Dignissimos et hic nihil officia sunt dolor. Placeat non reprehenderit ipsum enim est in quibusdam. Labore eligendi veritatis rerum iste cupiditate veritatis aperiam doloribus.', 'https://img.freepik.com/free-photo/beautiful_1203-2633.jpg', '2023-06-05 12:19:42', '2023-02-06 08:29:18', '2023-06-05 12:19:42'),
(6, 'Autem aut doloribus aperiam fugit.', 'autem-aut-doloribus-aperiam-fugit', 'Voluptatibus numquam exercitationem aliquam. Itaque quia modi nemo. Dolorem repellat quia explicabo qui ut. Dolor ipsa omnis aliquid doloribus voluptatem. Magni voluptatem unde praesentium modi commodi. Ipsam numquam odio aut perspiciatis est nemo. Rerum asperiores amet et autem. Eos assumenda magnam consectetur ex nihil qui rerum. Iusto est cum aspernatur libero quod atque. Vel necessitatibus deserunt temporibus dolores. Molestiae vero fugit consectetur nemo nemo. Quis saepe sunt expedita quidem illum tenetur quod. Aliquid porro recusandae blanditiis illum omnis. Et porro perferendis quis veniam in. Dolor sapiente quis ducimus tempora voluptas cumque molestiae. Quo tempore ea reprehenderit omnis est suscipit dolores. Ex neque quis eveniet facere. Rerum optio repellat ut perspiciatis. Nemo voluptatem corrupti soluta illum deserunt omnis amet. Magnam omnis quo quod vitae. Suscipit quae repellat impedit fuga. Perferendis excepturi laudantium et sit libero dolor molestiae. Tempora cupiditate vitae asperiores placeat. Eum et itaque ipsam a qui ea. Tempora hic dolorem architecto beatae sit excepturi repellendus. Incidunt aut cupiditate sint iusto quibusdam ratione. Fugiat iste sed quibusdam quidem molestias laboriosam laudantium. Ducimus consequatur quis nemo laborum. Omnis optio ducimus consequatur beatae aut vitae a ea. Quas maiores minus distinctio consectetur aut praesentium ea. Porro quod aliquam dolorem eum non sit et velit. Modi praesentium id asperiores harum. Ea provident est voluptatem saepe. Aut est voluptatibus veniam labore molestiae nihil dolores. Totam cupiditate illo quis ut id nisi. Et consequuntur praesentium qui veritatis fugit officia rerum laboriosam. Maiores est non dolores. Voluptates magnam est iusto. Ea aut dolor qui debitis amet et. Enim nihil magnam iusto autem sint facilis consequatur. Voluptatem nihil ratione explicabo deserunt perferendis. Quibusdam et consectetur autem velit sit inventore animi eum. Accusamus qui consequuntur sit corporis minus. Fuga aut est sapiente placeat quam. Ut officia cum facilis illum fugiat aut veniam. Porro unde sint vel quod. Atque saepe quo possimus. Repudiandae consequatur maxime rerum quasi. Ducimus fuga doloribus debitis dolorem nemo optio. Accusamus perferendis et necessitatibus harum adipisci est. Nostrum dolorem nemo qui aut sit. Nihil minima aut quo maxime aliquid. Asperiores deleniti quam minus occaecati quae laborum nisi ex. Sed voluptatem quisquam quo et. Quisquam quis voluptates blanditiis velit sunt sapiente est et. Qui ea dolorem enim velit corrupti maxime ut reprehenderit. Hic molestiae et omnis illum. Nam impedit veritatis excepturi eaque qui. Incidunt aut vel dolores sed autem debitis. Minima similique ut quis. Perspiciatis aliquam sit voluptates explicabo blanditiis. Aut harum ad ducimus voluptatem. Debitis sint nisi exercitationem est accusamus eum. Quae velit ex in molestiae laborum. Ut debitis incidunt maxime dolore. Est ea labore nisi totam.', 'https://img.freepik.com/free-photo/beautiful_1203-2633.jpg', '2023-06-05 12:19:42', '2023-04-13 11:34:32', '2023-06-05 12:19:42'),
(7, 'Nam similique reprehenderit qui sint cumque nostrum atque.', 'nam-similique-reprehenderit-qui-sint-cumque-nostrum-atque', 'Non dolores impedit suscipit ipsam et. Quas tenetur hic autem omnis minus. Dolores qui vitae perspiciatis optio. Quae placeat eum inventore sed tempora facere a. Et quos fugit optio dolore eum cumque dolores. Distinctio accusamus molestiae aliquam et numquam. Sint numquam natus qui animi sint. Labore qui qui impedit voluptas quae. Nostrum aliquid eos vitae explicabo officia facilis. Corporis voluptas nobis eveniet nihil ut rem dolores cumque. Hic maiores quisquam possimus consequatur. Autem itaque saepe facere cupiditate consectetur est temporibus. Et occaecati qui magnam voluptatem quam esse. Laudantium laudantium expedita sit eum. Aspernatur et nemo officiis non. Quo tempore nihil et ea blanditiis. Molestiae sit animi fugiat iure sed. Placeat ipsam non omnis dolor. Repellat delectus sed nihil molestias aliquam exercitationem officia. Velit distinctio debitis et quisquam reprehenderit. Ad culpa nesciunt dolor. Necessitatibus consectetur dolore sit commodi unde. Asperiores dolores suscipit quia eveniet officiis voluptates recusandae qui. Ipsum blanditiis et aut qui ratione et. Aut ducimus recusandae a sapiente et quis. Voluptatem porro cupiditate voluptas aliquam ducimus soluta. Placeat aut autem dolore dicta expedita laudantium. Deleniti officia vel a laudantium debitis temporibus sint facilis. Nobis quam soluta libero exercitationem quos. Veritatis commodi omnis sequi fugit expedita perspiciatis. Totam odit dolor vitae nisi unde quia blanditiis. Eos cumque molestiae qui amet ducimus. Architecto voluptatem maxime tempora accusamus odit et debitis. Illo soluta at est consequuntur modi doloremque amet. Eum laborum repellendus incidunt tempore. Possimus quam ea non consequatur quis amet et praesentium. Molestiae ex error aut repellendus. Quo odit id ex accusantium voluptatem. Aut qui rerum aut iste voluptates corrupti voluptatem. In vero omnis alias. Expedita qui dignissimos quidem soluta eligendi perferendis nobis. Ex facere neque accusamus blanditiis aut. Ut velit dolores temporibus inventore. Dicta quaerat asperiores fugit et sapiente adipisci vel. Autem quo similique autem ex provident asperiores. Voluptatem optio eos voluptatem quae. Alias ut minus quas qui minima aliquid praesentium accusantium. Blanditiis nostrum reiciendis dolorum. Illo quos nemo occaecati commodi qui blanditiis. Voluptate reprehenderit harum et rerum non. Consequuntur neque veniam nostrum architecto. Natus error soluta quisquam aperiam accusantium minus. Quaerat consectetur in et. Mollitia recusandae et architecto amet voluptatum omnis atque. Suscipit id explicabo facere et labore. Id impedit et inventore delectus quod quasi. Sint tenetur voluptas id excepturi quas dolorem quod. Excepturi nihil fugiat saepe animi quia autem. Aut rerum sequi omnis ipsum nulla dolorem magnam. Quas harum asperiores et velit dolores nesciunt. Nihil vitae magnam molestias natus ipsa deserunt ut. Et alias libero quam vero ad dolores. Nihil omnis dignissimos quo accusamus rerum est qui.', 'https://img.freepik.com/free-photo/beautiful_1203-2633.jpg', '2023-06-05 12:19:42', '2022-07-30 19:35:34', '2023-06-05 12:19:42'),
(8, 'Ducimus iure laborum sapiente facere voluptatum nobis voluptas.', 'ducimus-iure-laborum-sapiente-facere-voluptatum-nobis-voluptas', 'Est rerum ut aperiam dicta. Corporis magni sint omnis eius ab ut sapiente ea. Quos ex ea doloribus quod unde tempora at. Et sed consequatur dicta. Et consequatur alias neque et aliquid qui. Iste sit exercitationem vero omnis quae. Quod voluptatem modi eaque dolores et. Omnis pariatur quia facere non voluptas. Totam iure molestias nisi nisi dolores ab nostrum. Ut facere eveniet nobis quaerat libero. Consequatur autem suscipit vel temporibus ex quam. Molestiae est id magni mollitia. Delectus velit necessitatibus magni beatae eligendi. Rem eos rem iure rem qui itaque. Voluptate dolor fuga et mollitia explicabo hic. Voluptatum repudiandae saepe ut. Omnis quasi dicta voluptatum commodi. Quasi et nobis dolores occaecati amet ut quia. Voluptates praesentium a eius aut consectetur commodi. Id velit eligendi iure provident harum dignissimos. Consequatur reiciendis maxime tenetur accusamus. Quis ipsam beatae fugit numquam nisi nisi. Unde ut recusandae consectetur et accusantium. Consequatur numquam iste atque magni in accusamus assumenda. Nihil qui libero non nulla ut. Ea corrupti beatae autem ab. Quia rerum adipisci officiis assumenda qui. Ad odio cumque ullam qui est deleniti. Culpa delectus voluptate in quaerat. Dolor ut nostrum tempora doloribus. Odio eum dicta et itaque. Et debitis non aut unde. Inventore iusto nemo modi ipsa expedita. Facilis sunt vel omnis quas assumenda rerum itaque. Id ut velit sit et. Eos deserunt eos numquam fuga qui. Ab voluptas et aut et sunt asperiores architecto. Quam in consequuntur et rem. Animi corporis nostrum corporis ut eveniet. Eos voluptatum voluptatem itaque pariatur enim unde eligendi repudiandae. Autem aliquid sint adipisci corrupti. Nulla tempore nulla placeat fugiat tempora non. Excepturi dolores ex ut qui aut. Voluptatibus nulla sapiente tempora voluptate accusamus. Ut pariatur velit non neque accusantium quia. Voluptas reprehenderit eius consequatur in itaque. Dolorem non dicta aliquid excepturi. Laborum perferendis temporibus laborum odit praesentium numquam. Dolor et laboriosam qui vero sunt et. Necessitatibus consequuntur dolor deleniti. Consequatur aliquid maiores pariatur quisquam. Repellendus ipsum minus repudiandae vel cupiditate deleniti. Praesentium cupiditate quisquam unde beatae. Quod porro excepturi quidem eligendi et. Omnis aut voluptatibus corporis modi omnis deserunt et odit. Et doloremque delectus ad libero provident. Vitae aut excepturi possimus maiores natus qui. Nobis voluptatem voluptates labore quae laudantium perferendis facere. Ut itaque consequuntur optio. Veritatis a provident eos eligendi tenetur exercitationem et. Consequatur quam dicta aut vero consequatur velit. Qui quibusdam exercitationem animi pariatur. Quod optio consequuntur sit doloremque. Sequi neque quisquam expedita velit. Ratione et laudantium sapiente sit voluptatem odio eius minus. Aliquid dolorum dolorem inventore illum. Sed illum dolores quia ullam. Sit nam ducimus rem amet quisquam dolorem odio. Id reprehenderit quia veritatis in. Et impedit sed et aut qui ratione. Molestiae voluptatem ut dolorem eligendi quos ut odio. Quos consequatur minima cum veniam enim. Non et eaque officia laudantium aliquid illo. Voluptatem eos sed inventore numquam harum. Atque nisi quisquam eius repellendus repellendus qui. Inventore sit corporis nobis natus veritatis soluta nobis. Est vel dicta sunt omnis voluptas itaque repellat. Eos facere quas aut vero cupiditate aut quia. Et ut rerum at et consequatur sit sit. Tempora expedita suscipit adipisci dolor qui aut ipsa. Dolor magni qui reprehenderit ut. Facilis illo voluptatem amet et. Ducimus dolorem cum ducimus ad veniam neque cupiditate. Ea est unde dolorum quibusdam sit. Nam sapiente nulla omnis et. Modi et provident voluptates quia earum. Eveniet expedita consequatur omnis animi error repellendus. Molestiae veniam hic voluptate. Et sint quis quam quis et placeat possimus numquam. Numquam sapiente tenetur reprehenderit corporis consectetur qui ipsam. Asperiores architecto facere similique et. Commodi odio deserunt eum maxime. Et iste aliquam perferendis enim. Voluptatem cum voluptatem est possimus. Et nobis ut ab dolorem qui ut voluptates. Ad vitae assumenda ad. Quod illum et optio quasi nihil natus. Quod dignissimos magni commodi. Impedit fugit quisquam quis blanditiis doloribus recusandae sed.', 'https://img.freepik.com/free-photo/beautiful_1203-2633.jpg', '2023-06-05 12:19:42', '2022-08-09 18:01:30', '2023-06-05 12:19:42'),
(9, 'Harum quibusdam esse corrupti id.', 'harum-quibusdam-esse-corrupti-id', 'Voluptatem rerum dolores id eum animi blanditiis. Velit porro optio neque aut illum odit. Quia enim saepe reprehenderit. Ut eos qui rem. Consequatur qui velit dolorem facilis laboriosam. Dignissimos voluptatibus porro quod et qui. Et quidem cumque ex sit. Vero est recusandae et sed perferendis facere nisi. Id optio libero consequuntur qui. Ipsa autem consequatur labore nam ex est. Laboriosam non nemo velit. Id voluptatem sit pariatur omnis ea eum. Exercitationem exercitationem vel suscipit aut aut illo dolor. Et quidem aut reiciendis cumque. Dolore dolorem ea illo. Ut vero tempora corporis dignissimos sed quod. Id ullam quos eaque omnis sed. Quis deleniti in et sint. Quasi vero doloribus sit deleniti voluptatem voluptas. Accusantium laborum voluptatem sed dolores id est qui. Illum quibusdam repudiandae adipisci tempora. Id ducimus temporibus animi voluptatem. Voluptatum mollitia omnis eaque voluptatem nihil impedit. Ipsum rerum facere aliquid et. Rem vel sequi vitae et. Aperiam aut ipsum vel laboriosam et qui culpa. Sed magni consequatur ipsam omnis impedit. Adipisci delectus omnis vel hic nostrum et. Velit vero qui quis nesciunt qui adipisci pariatur. Corrupti cumque et maxime et similique. Dolores voluptates amet temporibus. Qui et odit officiis ullam. Blanditiis nam a maiores quia debitis facilis quia. Dolor delectus vitae quisquam dolor omnis saepe nesciunt. Molestias omnis architecto ea dignissimos tenetur et harum. Et non quidem modi id. Architecto perferendis nisi deserunt ipsam deleniti consequuntur et. Necessitatibus quia adipisci recusandae incidunt aut voluptatem nisi. Dicta nihil ut amet omnis repudiandae deserunt voluptates assumenda. Sit suscipit aliquid voluptatibus non. Blanditiis ut assumenda amet illum magni. Inventore numquam est deserunt ab animi omnis distinctio aut. Exercitationem quibusdam doloremque quas deleniti reprehenderit soluta. Magni animi minus et qui. Facere in temporibus repellendus et sed voluptas repudiandae. Non consequatur ipsum et doloremque sit iste. Ullam quas sit illo expedita et. Animi sapiente tempora perspiciatis repellat voluptatem vel. Dolores cumque quas iste commodi aut sequi aperiam. Necessitatibus quis eligendi dicta ipsum sint adipisci ut atque. Et quisquam minima et ut dolorem. Magni quia perferendis doloremque voluptas possimus ratione. Sit in reiciendis est quis quisquam sapiente possimus. Harum consequatur nostrum et dicta. Esse praesentium magnam vitae in harum. Delectus fuga et explicabo iure voluptatem quidem. Repudiandae aliquid dolore eum assumenda iusto. Totam autem ex veritatis vero est. Non quibusdam adipisci accusamus sunt sunt eaque ipsum. Reiciendis unde dolor quidem laboriosam est ipsam. Earum similique sint provident maxime. Delectus omnis est necessitatibus ut et voluptas. Totam ea eum ut soluta. Fuga nulla repellendus nisi sit culpa quo ullam. Incidunt temporibus ipsa dicta doloremque magnam qui. At consectetur eos autem quo sunt quia. Rerum est nemo rem asperiores minus fugiat. Modi expedita aliquam voluptas voluptatem qui eius et. Optio sed molestiae vero eum veritatis ea. Sit veritatis quidem impedit laudantium. Eos dolore soluta animi quaerat aut. Accusamus nobis est id reprehenderit aut qui. Aut asperiores quis unde est ipsa qui. Numquam est aut illo qui nisi mollitia. Cupiditate quos quod quas nam. A quisquam voluptatibus enim non soluta. Qui omnis ut dicta et. Soluta nostrum nobis eligendi eum quasi quidem. Qui est sunt sequi. Ut repellat quod voluptas voluptatem. Reiciendis nobis molestiae dolor qui quis molestiae quia. Sit nam et qui nostrum. Mollitia itaque dolor facilis laudantium. Impedit sit sit debitis voluptatibus possimus aperiam dolorum iure. Autem qui cum aliquam. Id voluptates aut dicta. Consequatur iste tempora velit. Ipsa qui dolor molestias possimus repudiandae et vel. Nesciunt veritatis omnis consequatur rerum quo consequatur. Nostrum vel unde corporis maxime ut voluptas. Qui quas quos ipsum omnis et. Est repellendus reprehenderit cupiditate. Consequatur praesentium commodi omnis culpa magni et minima. Veniam assumenda nesciunt quidem consequatur nesciunt vitae. Asperiores aut accusamus cum optio id libero illum. Eius consequatur incidunt iusto magni. Incidunt neque id nisi sint nihil voluptates voluptas. Fugit odio harum maiores sit deleniti excepturi ullam. Voluptas sit non nihil labore debitis ad dolorem. Natus tempora qui nisi. Commodi repudiandae modi aut omnis. Saepe aliquid sit aut blanditiis consequatur sint. Qui minima aut doloribus fuga facere asperiores voluptatem repellendus. Rem maxime recusandae ex sed. Rem ab accusantium dolore quis ut nobis illum. Beatae voluptatum illum placeat ea consectetur. Ex voluptate similique molestiae ipsa. Non velit non praesentium laudantium delectus. Doloremque aut modi dolorum voluptatum. Cum voluptatem et magnam et. Quos mollitia quod quos iusto quidem officia. Excepturi vero aut dolores veniam quia corrupti et. Labore inventore dolorum ut occaecati maiores. Impedit voluptate perferendis ut. Praesentium ut ipsam ipsam quis numquam quia. Repellendus molestias eum maiores amet perferendis quae. Ut delectus architecto quaerat natus. Aut reiciendis vero nobis tempore. Inventore ut similique blanditiis et voluptatem porro et. Enim in facilis aliquid non consequatur earum eveniet accusamus. Aut eum mollitia blanditiis voluptatem distinctio officia. Ut quia ut voluptatem totam iste et quia corrupti. Laudantium consectetur impedit voluptatibus. Officia nihil aspernatur quae sed accusamus non. In rerum amet beatae iste ducimus nihil. Velit praesentium et culpa est cumque consequuntur nisi id. Architecto error molestias similique animi soluta. Qui veniam sed omnis iure labore repellat quis. Quis sequi illum illum sunt.', 'https://img.freepik.com/free-photo/beautiful_1203-2633.jpg', '2023-06-05 12:19:42', '2022-10-05 20:02:18', '2023-06-05 12:19:42'),
(10, 'Velit blanditiis qui dolor omnis in.', 'velit-blanditiis-qui-dolor-omnis-in', 'Voluptates voluptas est veritatis quia. Et fugit error aut saepe blanditiis sed et. Nostrum ipsa optio totam aperiam voluptatem aut nam. Corporis dolores vitae sed cupiditate. Porro sunt earum cumque commodi ut minus. Quasi est sunt praesentium tempore omnis voluptatibus voluptatem. Tempora debitis occaecati et et quia quisquam ut. Sapiente sit eaque ut deserunt. Quam ut aut placeat itaque distinctio distinctio sint. Labore libero illum aut nihil consequuntur. Dicta odio sit voluptatem. Velit ut blanditiis qui magnam non est enim. Rerum voluptatem dolore minus dolorum ea nihil architecto. Alias inventore ut maxime numquam nisi molestiae. Minus ut laborum cupiditate quaerat molestiae neque. Dolor eaque qui similique distinctio tempora consequatur rerum sit. Et unde doloremque natus odio eos aperiam cumque. Molestiae qui neque pariatur quis voluptas corporis. Quia qui labore perspiciatis minima reprehenderit sed inventore. Ut non nihil quam blanditiis illo blanditiis aut. Voluptatibus porro natus quos laudantium et nostrum. Sed veniam optio atque laboriosam qui delectus dolores. Sit occaecati ut nisi placeat et molestiae. Quia vitae alias distinctio. Consectetur ut rerum aut aut. Non dolor et nisi ut sit qui quas. Voluptatum et dignissimos distinctio nobis veniam quam ratione ab. Iusto ab velit repellendus itaque est. Rem et laudantium quia ratione nihil. Rerum quis fugiat distinctio itaque et qui recusandae. Commodi iste earum saepe voluptates suscipit occaecati esse. Quia pariatur sit odio tempore necessitatibus excepturi optio. Tempore sed nihil voluptas sunt rerum dolor. In enim itaque ipsam veritatis error sunt. Qui suscipit sint et similique animi natus. Voluptatem reiciendis similique perferendis odit itaque. Nobis placeat eos nesciunt esse ut molestiae architecto. Voluptas est repellat tempora rerum aut harum. Illo reiciendis voluptatum omnis. Ut soluta asperiores quia porro consequatur. Sed et est qui occaecati vel nam aut. Dolorum commodi omnis distinctio reprehenderit voluptate quia. Sed eos sapiente expedita distinctio dolorum nulla distinctio voluptas. Recusandae eius est ab atque. Nihil rerum deserunt dolorem harum esse aliquid. Minima neque commodi enim repudiandae aliquid sit. Consequuntur maxime veniam aut non eos. Nobis magni sequi similique. Qui quia non voluptates rerum. Atque dolor quo deleniti amet. Dolor est non est possimus maiores. Molestiae sint minima et similique sapiente ex dolor sint. Dicta repellat ipsam est. Perferendis autem optio ad. Esse praesentium consequatur debitis magni fuga. Fuga nostrum suscipit sit natus tempora ut possimus. Maxime sed deleniti ut tempora voluptas. Dolor sed doloremque incidunt ut veritatis aut. Officiis quidem temporibus qui eum. Quisquam deleniti voluptas quisquam minus. Sapiente at reprehenderit facilis quia enim vel earum vel.', 'https://img.freepik.com/free-photo/beautiful_1203-2633.jpg', '2023-06-05 12:19:42', '2023-04-13 22:24:14', '2023-06-05 12:19:42');
INSERT INTO `articles` (`id`, `title`, `slug`, `body`, `img`, `published_at`, `created_at`, `updated_at`) VALUES
(11, 'Delectus maiores dolores possimus et fuga debitis aut.', 'delectus-maiores-dolores-possimus-et-fuga-debitis-aut', 'Eius quia numquam maiores dolorem doloremque. Doloremque expedita fugit vero harum aut. Esse aspernatur itaque eveniet voluptatum nam. Possimus est ipsa et rem consectetur. Molestiae ea aut expedita ut sit repellendus. Voluptas qui facere omnis fugiat molestiae ut explicabo quod. Recusandae quo et eos nisi voluptatem. Est dolor eaque dolores rerum deleniti. Ut vel dolores amet aut vitae quibusdam maxime. Magnam in iusto at totam dolor. Iure nobis et voluptates quis est. Consequuntur tempore ipsam magnam rerum vel. Dolore minima quae sunt quia aut. Voluptas expedita nesciunt inventore voluptas maiores ut autem. Itaque doloremque tempore doloremque quidem. Eaque aut rerum mollitia blanditiis alias ea doloribus adipisci. Numquam voluptatibus totam et voluptates sit. Omnis aut laudantium perspiciatis facilis et quod aut. Velit accusantium non eaque quia illum. Tempore sunt molestias nemo est veritatis ea veniam. Voluptates magnam alias error sunt hic. Et fugiat dolore est. Quasi quas tempora sed vitae nostrum aut distinctio. Nam veniam totam sunt illum eveniet dolorem maiores dolore. Inventore deleniti similique dolor possimus nesciunt libero illum minima. Ab minima rerum perspiciatis sit. Cum qui dolor dicta ipsa rem quam eligendi. Nemo voluptatibus explicabo temporibus quae. Aut libero quam est quia neque cupiditate ducimus quibusdam. Est labore est aliquam est vero deserunt cupiditate. Est temporibus similique facilis omnis sed magni. Velit magnam facilis maiores enim vel id. Est adipisci ipsum suscipit quibusdam. Placeat voluptas eos vel et. Voluptatem ducimus quisquam voluptas ut dolor. Omnis iste et rerum. Corrupti alias odit optio velit neque est qui. Repellat saepe quidem est corporis. Iste voluptas veniam corporis commodi. Consequatur in recusandae quidem mollitia animi aut facilis illo. Sunt eveniet quisquam veritatis minima illum qui quas. Recusandae excepturi atque qui quis distinctio vitae dicta. Voluptates eveniet praesentium et repudiandae nesciunt non. Quibusdam rerum ea voluptatum sed veritatis minus. Eos et animi deleniti sapiente reiciendis tenetur natus. Alias velit nulla eligendi sapiente eos delectus quo illo. Eligendi officia sit est et sunt. Aspernatur eos debitis et voluptates quo. Asperiores ut autem ut nulla. Possimus qui veniam iure perspiciatis ea possimus ut aliquam. Dolores ex ut deserunt qui itaque occaecati. Qui qui atque molestiae veritatis laboriosam molestias esse. Excepturi corporis inventore perferendis. Tempora error velit occaecati fuga nesciunt aut quis. Voluptatem sint similique et alias et dolores fugit. Voluptates voluptas voluptas quibusdam in. Quos dolor delectus quasi in sit. Odio magnam temporibus architecto maxime in sed. Vitae facilis accusantium sunt voluptas velit itaque. Quidem et repellat sed ab laborum ipsa. Excepturi fugiat modi dolorum corrupti. At officiis voluptatem rerum laborum voluptatem et. Alias inventore corporis delectus esse illo. Et et vel voluptatibus qui ab laudantium est. Dignissimos iste facere et laudantium nihil ut. Fugit earum facere consequatur et aspernatur et tempore. Ratione quod fuga id officia. Ratione magnam pariatur quo dolore quia. Rem iure perspiciatis consequatur laborum rerum qui et. Vero dolor animi explicabo magni sed. Quos accusantium rem temporibus. Ut nihil quia pariatur minima magni nihil. Praesentium suscipit sed commodi voluptas consectetur amet sequi tempora. Eveniet dolores maxime ut sunt culpa laudantium fuga. Alias voluptatem quo eaque laborum dolores molestiae dolor. Sequi quo officiis quam nulla est omnis est. Officia laborum excepturi provident maiores. Nisi commodi esse earum tempore illo. Autem velit at qui ut in enim. Quisquam molestiae cupiditate omnis eos rerum minus quaerat. Dolor rerum quia mollitia laboriosam et rerum vel dolorem. Qui veniam omnis autem in nesciunt fugit. Tempore magni expedita adipisci ipsa ut minus perspiciatis. Quos praesentium omnis id veritatis. Architecto enim aut fugiat et et quo consequatur vero. Labore voluptates dolore exercitationem totam enim. Eum consectetur aut recusandae non qui qui. Optio ullam deleniti beatae quisquam fuga. Eveniet laboriosam officia mollitia vel vitae voluptatem. Facilis velit quisquam debitis recusandae aliquam qui quia. Voluptates ab ea deserunt repellendus non. Neque explicabo provident fuga quasi eum libero est.', 'https://img.freepik.com/free-photo/beautiful_1203-2633.jpg', '2023-06-05 12:19:42', '2022-10-27 19:52:55', '2023-06-05 12:19:42'),
(12, 'Tenetur quia cumque veniam ut dolorum.', 'tenetur-quia-cumque-veniam-ut-dolorum', 'Adipisci et voluptas labore fugiat. Et quos ullam voluptates et tenetur necessitatibus debitis. Et sunt et quia sint id pariatur. Veniam ipsam dolores beatae ut eum vitae et. Nobis adipisci ut pariatur non sunt ullam rerum provident. Debitis ea distinctio vel dolores qui. Quas rerum et at. Nihil nihil et minus minus dolor ut vel hic. Et facilis minus est eos et. Dolores consequatur sint provident quidem natus soluta pariatur. Et quia id eum doloribus ipsa voluptatem. Unde recusandae atque quis aperiam. Qui fuga ex quam placeat est consequatur tempora sint. Eos omnis dolor molestias quae nihil eos. Et rem distinctio consequuntur nobis id quis soluta est. Voluptate accusantium odio id quia repellat. Quia ut libero quis asperiores quisquam ullam. Rerum rerum autem sapiente consequatur voluptas provident magnam. Incidunt voluptatem animi et qui aperiam minima sunt sit. Iure ut suscipit necessitatibus quia. Omnis sequi delectus officia a a. Ut sapiente similique ducimus et magni omnis cupiditate. Voluptas tenetur ut dolore aut. Ea ut odio doloremque et vel dolore. Eligendi neque voluptate aliquid. Sunt earum vel et maiores quibusdam quia possimus. Nesciunt vero et facere id ut totam dolorum. Mollitia sunt laboriosam dolores neque et. Sit voluptatum minima consequatur corrupti consequatur dolore quia. Sit mollitia tenetur ut debitis at. Minima quas quis ex a. Repellat est fugit voluptatem tempora ex. Quae nisi eum aut sunt quia deserunt. Officia nesciunt dolor ex autem. Et blanditiis id vero et qui doloremque consequatur. Minus impedit voluptas et placeat rerum dolores molestiae. Ab sed laborum non quis. Magni et magni incidunt odio repellat. Qui iste consequatur aliquid aspernatur non eius. Est qui aliquam esse cum voluptatem labore voluptas. Soluta nostrum sit totam. Amet quo perferendis exercitationem mollitia quis voluptatibus qui. Sequi neque quia quo ad nulla. Laboriosam dolor nihil consectetur culpa non. Fugit atque temporibus ut voluptates. Fuga facere ducimus ut quae eligendi. Aliquid est optio est quisquam. Sequi et tenetur iusto sequi excepturi vitae atque. Temporibus perspiciatis dignissimos aut dolore. Quisquam totam similique veniam praesentium esse. Neque corporis et illo dolorem eos laudantium molestiae. Assumenda delectus beatae cumque in quia. Perspiciatis sed ad quo et. Sed enim neque omnis omnis quaerat. Qui deleniti rerum harum. Explicabo quis deserunt sapiente est cum doloremque. Delectus ea et sequi. Ducimus qui cum quaerat. Ut recusandae doloribus voluptatum fugiat. Est error ullam ipsum error sunt rem itaque. Quibusdam quia nihil exercitationem voluptatem. In hic corrupti numquam voluptas molestias aut facilis. Eaque in eum quaerat est est rerum. Minima cupiditate dolores voluptas omnis praesentium qui dolor ipsam. Voluptates recusandae ea quas vel voluptas consectetur. Fugit rerum odit nam quo illo in. Tenetur reiciendis asperiores ut ratione expedita nihil. Consequatur aperiam hic qui et ab maxime. Non consectetur ex et iusto laboriosam iusto blanditiis. Porro quo vero mollitia voluptas sed autem. Iste omnis molestiae voluptatem eos corporis. Ipsum voluptate distinctio beatae quia animi. Deserunt aut quod quia repellendus quae. Et aut eligendi temporibus repellat voluptas id. Sed est deserunt facere dicta voluptatem dolorem dolore minus. Facilis et odio dolorum sed. Maxime est enim unde doloribus delectus. Blanditiis quia voluptate ullam esse magnam. Harum similique a recusandae consequatur repellendus. Aut aperiam quia nostrum. Inventore et aut facilis ex explicabo vel distinctio. Corporis ratione error eos tenetur consequatur nihil. Aut sit dolorem non qui recusandae velit eum. Ut ducimus dignissimos nihil numquam placeat sint. Aut quae ratione et. Iste dolorem autem ipsam et beatae impedit nihil. Atque dignissimos non autem rem odit sunt eligendi. Repellendus et labore veritatis impedit labore. Enim id quo eum iure sed. Est et dolor est sunt ullam sunt. Deserunt qui quidem sint qui non repellendus voluptas. Qui ut repellat ad consectetur error non et et. Qui et praesentium quia ut et placeat. At similique adipisci aut qui rerum. Vero et quisquam placeat et et accusantium consectetur autem. Atque accusantium provident repellat quisquam. Iure excepturi aut est maxime voluptatem. Velit voluptas non error est saepe. Sunt vel error in rerum itaque vel. Totam sunt voluptas facilis fuga facere soluta. Repellendus rerum ut facilis laboriosam at numquam facilis. Nihil deserunt aliquam iure sint. Quam veniam necessitatibus consequatur id nihil et fugit voluptatum. Fuga eligendi recusandae eligendi animi eum porro cumque. Sint ut perspiciatis eum non soluta omnis alias numquam. Voluptatem provident velit sit dolorum saepe. Rerum voluptas quos et perferendis nulla velit perspiciatis. Voluptas non aut temporibus dolores voluptas et. Quia quis quos placeat provident. Molestiae voluptas laboriosam tenetur id aut dolorem aliquid. Possimus a rem maxime doloremque reiciendis vitae sed vero. Ut quaerat totam ipsa veniam tenetur.', 'https://img.freepik.com/free-photo/beautiful_1203-2633.jpg', '2023-06-05 12:19:42', '2023-05-24 07:31:14', '2023-06-05 12:19:42'),
(13, 'Eos sed tempora aspernatur suscipit recusandae.', 'eos-sed-tempora-aspernatur-suscipit-recusandae', 'Sequi natus magnam et qui. Quia aut qui qui error sed delectus quo. Et ex illum laborum hic consectetur praesentium voluptates. Maxime sed aspernatur hic et explicabo sed hic. Enim delectus dicta sed illo et ipsam. Et autem tenetur neque velit non architecto. Sit quis fugiat ea dolore. Cum sed modi rerum quidem eum fuga delectus. Perspiciatis et amet rerum amet deserunt. Consectetur vero error fuga blanditiis qui odio. Aut minus omnis distinctio aut aut. Reiciendis aut voluptates quidem adipisci voluptate ut. Aperiam quasi alias earum et minus. Deserunt nihil rerum laborum magnam sit ratione sint. Culpa architecto ut rerum repellat earum. Quia pariatur vel voluptate autem dolor sequi. Quos sint laudantium facere aut. Nihil ut minus quas eos alias ducimus voluptatibus dolor. Omnis distinctio aut cumque maiores officia eligendi. Nemo architecto inventore ut accusamus nulla. Error eum totam voluptates possimus temporibus qui atque animi. Quos corporis doloremque accusamus tenetur libero dolorem et. Et et cupiditate sed facere. Sed ad laborum autem sint ipsum vero. Ab vitae optio aliquam. Sunt incidunt ducimus accusantium perferendis et qui eos quis. Alias dolores dignissimos occaecati sit veniam. Aliquid voluptatibus deserunt ut sapiente. Reiciendis voluptas ipsum magni maxime. Ipsam quia ullam voluptas ipsum blanditiis. Aut corporis et maiores soluta et blanditiis eum. Quis fugit provident hic facilis mollitia id omnis. Harum aspernatur omnis sit sint. Maxime qui tenetur dolores rerum aliquid ipsum. Est saepe veniam quia consectetur dolorum delectus sunt. Dolorem temporibus eos quis aut. Omnis sint reiciendis nihil. Nesciunt ullam eum a iste aspernatur. Dolore minima iure provident vel nihil. Quisquam quod saepe sunt. Sunt facilis omnis quo quo cupiditate. Unde autem nostrum fuga ut doloremque et. Voluptatem quam vitae recusandae eum omnis aut. Odit aut commodi dolorum. Aut commodi nihil in quia. Dolorem sapiente ut a quis veritatis rerum aut. Quod inventore magnam eveniet non sed eos ducimus. Quidem quisquam et quo qui. Magni ducimus itaque voluptas rerum. Aut sit reiciendis expedita velit non harum error. Qui sint maiores autem recusandae optio est. Nobis ut iusto ipsum ipsa. Ut error nihil mollitia incidunt accusamus incidunt libero. Voluptas quisquam dicta explicabo placeat voluptate veritatis. Commodi sunt ab et qui quasi. Eum iste natus ab error. Blanditiis quos alias doloremque sapiente in ullam ipsam. Porro omnis expedita neque adipisci. Omnis et veniam non et sed eaque. Rerum aperiam quis dolor minima quaerat quia dolorem assumenda. Ipsam accusantium ipsam nobis nisi quasi deleniti aut. Consequatur repellendus laudantium quia ipsa consequatur dignissimos. Repudiandae saepe in culpa. Distinctio dolorem quam omnis fugiat aut. Dolores consequatur aperiam dolorem sed id dignissimos. Porro ad nobis aliquid enim illum magni perspiciatis. Omnis quia iste magnam repudiandae aut adipisci. Dignissimos labore maiores maxime. Officia ab animi est distinctio et beatae itaque quaerat. Voluptatem libero placeat nulla sit maiores. Excepturi asperiores eum corrupti ipsum tenetur ipsam. Earum consequatur debitis maxime ad odio eligendi aut. Eos minus facilis ipsum velit. Doloribus sunt omnis beatae tempore dicta quis consectetur. Incidunt voluptatem perferendis expedita nobis est maiores. Qui velit voluptatem et perspiciatis in. Asperiores aut perferendis cumque et. Reiciendis et eum veritatis exercitationem. Praesentium fugiat qui culpa consectetur est quam ad. Commodi itaque voluptatem quibusdam aliquam placeat natus. Quia alias blanditiis qui et. Deleniti ab nulla tempora neque deleniti quia animi totam. Aliquid veritatis odit eveniet omnis quibusdam facilis reprehenderit. Possimus et deleniti ea minus laudantium veniam. Quae ex quae nihil a. Maxime rem eius sed consequatur quo voluptatem harum. Dolorum et et fugit et et veritatis. Ut minus voluptas voluptatem dolores numquam amet quas ea. Dolor eveniet optio dolores voluptatem consequuntur in consequatur. Corrupti totam voluptatem fugiat est natus. Officia ut laudantium aut distinctio earum et unde. Distinctio aut repellat quae fuga omnis. Explicabo molestiae fugiat maiores. Molestias doloremque dolor necessitatibus dolorem velit. Reprehenderit assumenda sint quis cupiditate odio id. In ullam facere voluptatem labore. Ducimus magnam omnis doloremque aut ea. Ut expedita totam porro nesciunt modi repudiandae sunt. Molestiae repellendus voluptas voluptatem possimus facilis. Optio explicabo voluptates et quia voluptate. Vel omnis possimus saepe numquam et reiciendis. Dicta quis harum nesciunt alias odio minima quas. Necessitatibus quo et labore voluptate laboriosam voluptatem voluptas. Exercitationem unde hic in hic odit illo. Molestiae at voluptatem voluptas dolores quisquam aspernatur. Perferendis rerum tempore et molestiae nihil. Unde assumenda hic fugiat ex animi suscipit doloremque. Ut adipisci nam vero nostrum laboriosam sed suscipit. Unde asperiores et doloremque inventore in. Odit tenetur possimus quia quae quaerat voluptatum aut inventore. Quidem alias quaerat et distinctio velit earum est. Vel qui illo deserunt. Omnis sint molestiae excepturi et. Velit necessitatibus laboriosam nihil error aut. Enim quia sed neque rerum qui. Nihil debitis assumenda rerum quas nihil repellendus quasi. Beatae ea dicta iure cupiditate labore. In quaerat et voluptas quia. Rerum repudiandae qui sed libero quia quis autem maxime. Nihil velit praesentium similique molestiae voluptas. Voluptas fuga tempore voluptatem reprehenderit in. Qui sed modi debitis possimus voluptatum assumenda voluptatum qui. Non magnam sit molestiae ducimus. Rerum voluptatem maxime aut qui aut. Laborum molestiae illo quaerat aut at ad est. Temporibus nobis nesciunt officia quae suscipit voluptatum fugiat. In officiis voluptatem perferendis est. Doloribus facere tempore dolor voluptatum. Corrupti occaecati sed unde rerum et. Consequatur tenetur qui soluta expedita. Consequatur veniam cumque ex expedita. Dolorem eum eos natus quia rerum.', 'https://img.freepik.com/free-photo/beautiful_1203-2633.jpg', '2023-06-05 12:19:42', '2022-06-20 10:26:53', '2023-06-05 12:19:42'),
(14, 'Iure temporibus et sapiente iusto et perspiciatis.', 'iure-temporibus-et-sapiente-iusto-et-perspiciatis', 'Dolores et voluptates exercitationem. Et ut voluptate sit. A qui dolores id laborum voluptas. Ipsum eveniet mollitia quaerat magni aut nostrum voluptatem. Vel quae unde est ab. Delectus cumque non laborum expedita deserunt totam. Aut necessitatibus dolor ut tempore et sit sed nihil. Et nostrum fuga veniam in aliquam culpa. Sunt et velit voluptatum id tenetur. Ut libero quas minus. Rerum adipisci quas fugit ipsum omnis eos voluptas consequatur. Nisi autem soluta voluptas iusto nihil id. Nostrum molestiae quae deleniti quo et sed. Nesciunt minima assumenda non aut. Atque rem perspiciatis officiis alias aperiam sit. Iste ipsa id quia fugit qui qui. Nostrum et perferendis animi omnis placeat. Itaque facere maxime alias in veritatis. Omnis perspiciatis natus nisi cupiditate. Consequatur magnam quibusdam quis architecto deleniti. Porro in quo voluptatum iusto qui amet maxime non. Quas beatae vero qui maxime rem voluptatem ad id. Enim possimus temporibus facilis. Maxime illum dolor assumenda ad omnis voluptatum. Voluptatem et ea consequuntur qui aspernatur eos fugiat ducimus. Odio fugit vitae repellat ipsa ea dolor aut. Corporis delectus qui rerum enim qui rerum et quaerat. Rerum eum enim at voluptatem facere mollitia. Facere est libero voluptas qui voluptas nemo. Ut optio perferendis quasi. Consectetur aut dolore ut quo sed ut. Rerum eveniet sequi asperiores doloribus sit quisquam. Porro assumenda voluptas aperiam ut. Architecto est voluptatem praesentium est. At a voluptatibus aut aliquam quis eius. Ut recusandae et eum perspiciatis. Consequuntur necessitatibus quo et eos harum quasi nam laudantium. Fugiat unde maiores pariatur ea asperiores non. Accusantium odit officia qui qui. Quia sed ut sapiente maiores. Unde unde enim ut illo. Est eum explicabo impedit. Accusantium expedita id eveniet molestiae deserunt libero voluptatibus. Velit beatae omnis doloremque iure tenetur dolores. Placeat adipisci aperiam quo at voluptas tenetur velit. Alias culpa vel culpa eum molestias qui. Illo sint quos nulla non. Soluta quas et ducimus omnis corporis et harum. Voluptas nulla hic commodi ut. Rerum in sint est iste aut rem. Odit odio repudiandae neque non. Amet ad et quos vitae occaecati et. Maxime sed voluptatibus beatae possimus. Quod eum voluptas ea tenetur rerum aut. Molestias qui sapiente quidem possimus qui a voluptatem quis. Omnis sit ut quisquam ullam harum quos eos consectetur. Aliquid necessitatibus officiis officiis iusto quas itaque. Numquam quod iusto quaerat eum quia fugit. Et beatae quia eligendi est. Doloribus impedit iusto et architecto aperiam. Numquam et laborum explicabo explicabo tempora. Ut dicta voluptas in repudiandae nisi atque impedit. Dolorem illum beatae deserunt ut quis necessitatibus. Et excepturi omnis minima et nihil deserunt. Illo asperiores voluptatibus sit dolor est amet fuga. Possimus similique odio illo consequuntur aut eos. Maxime autem harum iure facere quia quo temporibus. Maiores nulla magni porro. Esse totam fuga laudantium qui. Sit reprehenderit quam ea voluptate hic rerum ea. Id et eum totam laboriosam. Ut praesentium itaque ratione quia sed sed et. Et minus et modi occaecati. Quia neque et quos. Magnam consequuntur quia sit. Ipsam sint consequatur corrupti hic rerum. Atque sed similique molestias ut. Maiores tenetur voluptate et voluptatem accusamus aut. Eius ipsa odio laudantium similique saepe earum sint. Aut quis sed in sed. Natus doloribus et debitis voluptatum. Est doloribus vel in veniam. Voluptas iusto officia velit corrupti dolore sed aspernatur nobis. Occaecati nulla dolor a accusamus est. Cumque quos provident id ratione nobis consequatur qui. Optio voluptatem reiciendis et. Eaque fuga expedita ab ullam corporis eos. Aut et velit nulla est. Blanditiis facere mollitia voluptatem sit sunt totam. Consequatur non odio qui id accusantium porro neque. Aperiam incidunt velit atque a ab id non. Tempore voluptates distinctio consequatur nisi et ea. Vitae error laudantium et vel occaecati explicabo dolor explicabo. Aut atque tempore dolor beatae perspiciatis quidem. Enim quia vel dolor cumque. Sed harum ducimus expedita hic et unde. Vero reiciendis pariatur temporibus voluptas. Ipsa alias odio explicabo et aliquam nostrum dolorem. Est voluptatem exercitationem totam dignissimos. Nulla voluptatem cumque voluptatem quis libero recusandae nesciunt voluptates. Et tenetur adipisci officiis et sunt. Id iure provident quidem a excepturi omnis. Veniam voluptatem enim aut molestiae modi. Fugit rerum consequatur et temporibus. Doloremque accusantium repudiandae quae est veniam non. Maxime velit sit nemo laboriosam. Aliquid rerum fugiat sunt magni. Alias a earum autem doloremque aliquid et. Laborum deleniti aspernatur vitae.', 'https://img.freepik.com/free-photo/beautiful_1203-2633.jpg', '2023-06-05 12:19:42', '2022-09-28 04:32:02', '2023-06-05 12:19:42'),
(15, 'Et et et est optio dolores sunt.', 'et-et-et-est-optio-dolores-sunt', 'Dolores ullam velit tenetur corporis aperiam. Dolores vel sapiente laboriosam nihil et quas. Magni id vel in rerum repudiandae nisi. Nemo excepturi at aliquid aut numquam sequi consequuntur. Aliquam et magni dolores ullam. Error debitis qui doloribus quidem voluptatem. In iusto facilis corporis ab et aut ut est. Possimus enim hic ut et dolorem consequatur quia. Officia reiciendis harum autem doloremque ullam facilis aspernatur. Sit praesentium enim aut enim saepe quod. Temporibus eum est dolorem expedita facilis. Asperiores vitae nam ut qui. Voluptate suscipit error velit et impedit. Voluptate similique non et voluptas temporibus magni deleniti. Ipsa non saepe excepturi ut aliquid. Possimus autem cum et sapiente eius adipisci. Ut eum laborum illo qui placeat est repudiandae. Ipsa iure quaerat non corrupti. Ut exercitationem qui ipsa vero officia tenetur. Repellendus ut ut officia rerum molestiae. Placeat corporis quia voluptate quia ex tempore. Et consequatur laboriosam maxime adipisci laboriosam aliquid aut. Pariatur nulla itaque eos. Non beatae quibusdam numquam. Necessitatibus numquam qui quas in magnam. Consequatur et unde quaerat consequatur. Maiores eum rerum asperiores quibusdam ducimus libero dolor laudantium. Nemo aut velit dicta inventore inventore quia. Velit esse fugiat provident praesentium odio quos dolor. Consequuntur maiores aut adipisci qui. Consequuntur ex tenetur vel. Assumenda sed nihil ipsum consequatur. Vel quo in aperiam iure distinctio totam. Et sed nobis esse id. Animi provident vero rerum placeat neque eos ab. Similique sunt quo est dolorum id odit. Veritatis minus et harum cumque aut. Autem magni laudantium eum laudantium velit optio. Quidem dolores quae amet quaerat eaque qui vitae quae. Fuga sint et unde modi eveniet tenetur. Ad cupiditate dolores voluptatum eum. Ipsa natus et nisi tempore. Officiis voluptatem qui reiciendis excepturi cum ducimus repellat doloribus. Voluptatibus natus natus sit et. Et quo pariatur consectetur sunt facilis. Qui exercitationem rerum dolor saepe accusantium soluta saepe nisi. Rerum quia perspiciatis veritatis eveniet nesciunt quia officia. Illum fuga eveniet natus. Et quo laboriosam nihil velit quaerat nostrum. Minus et aliquam sunt. Possimus molestias eum fuga est provident. Laudantium asperiores cumque cupiditate distinctio ea molestiae aperiam. Saepe consequatur quos non maxime laboriosam pariatur. Porro et adipisci similique qui ea aliquid. Voluptatibus dolorum possimus inventore et necessitatibus. Vel sint fuga quaerat voluptatum. Ut odio assumenda autem qui nobis ut voluptas corporis. Est nulla atque explicabo amet. Hic ipsam explicabo aspernatur et rerum velit mollitia. Accusantium deleniti ipsa fuga est. Deserunt quaerat ullam in voluptatum odio voluptas ut. Dolores dolor itaque incidunt quasi sunt cupiditate ad. Nostrum quidem ad tenetur minima omnis aperiam. Doloremque aut voluptatem a aliquid numquam tenetur. Nisi cum eum ipsum quas provident. Ipsa ullam est est. Rerum corporis consequatur vero et culpa. Ab maiores nulla officia ullam laborum qui voluptatem. Quae consequatur autem consectetur est ut pariatur. Aut quibusdam dolores excepturi fuga rerum quos. Ex explicabo temporibus consequatur sint. Quibusdam sunt qui maiores voluptatibus ex qui. Voluptatum quisquam neque eligendi placeat et. Laudantium omnis aut magnam aut labore quae. Sequi architecto quasi in. Culpa sunt velit dolorem. Ad eum blanditiis repellat ea mollitia numquam exercitationem. Explicabo in eaque et et. Non sed ut delectus architecto iusto blanditiis unde voluptatem. Tempora qui fugiat ipsum reprehenderit. Voluptatum voluptas enim voluptas. Quos optio rem aliquid itaque hic voluptatibus. Odio veritatis saepe rerum praesentium. Dolorem id impedit quam rerum saepe odio. Fugit molestiae velit laudantium consequuntur iste. Est dolorum possimus maxime ut asperiores id. Hic repudiandae assumenda cupiditate qui dolorem laboriosam. Dolores perferendis dolorum assumenda quod corporis. Est molestiae qui ut. Est labore saepe veritatis sit et cum. Consequatur exercitationem libero inventore quas recusandae veniam est. Quis illum quo quia voluptatibus. Modi nobis qui veniam nemo ut explicabo. Beatae reiciendis dolore et tenetur doloremque neque eos. Sed eum ea accusantium aut. Veniam aut odit voluptatem eos omnis ex consequatur. Cupiditate est qui incidunt ut et facere. Nemo ea vel et.', 'https://img.freepik.com/free-photo/beautiful_1203-2633.jpg', '2023-06-05 12:19:42', '2023-02-28 08:05:26', '2023-06-05 12:19:42'),
(16, 'Ullam odit dolores a eos sint debitis enim.', 'ullam-odit-dolores-a-eos-sint-debitis-enim', 'Et est ut fugit officia est magnam aut. Inventore exercitationem quidem dicta aut omnis saepe et. Vel consectetur occaecati magni optio id. Id sit et qui ab repellendus aut doloribus. Quos molestias enim aut non id nihil. Deserunt dicta et omnis ea eos ea voluptatem. Modi vel iure libero deserunt velit itaque ab. Error temporibus est eaque incidunt. Ex suscipit et asperiores repellat. Animi eum maxime asperiores sed quod. Quo suscipit expedita quis. Inventore velit molestiae est culpa voluptatibus facere omnis. Dolor nemo qui doloribus. Possimus sit autem sapiente iure facilis id reiciendis. Consectetur velit ex officia aut. Et enim odit in temporibus repellendus deserunt assumenda. Accusantium temporibus molestiae maxime consequuntur placeat debitis ea. Sint earum magnam facere ducimus officiis. Et recusandae ex itaque voluptas deserunt ea fuga. Error et quia asperiores perspiciatis eveniet. Quo dolorem eius maiores nisi. Ab exercitationem fugit deserunt est omnis. Laborum voluptatem aperiam officiis. Voluptatem et quo dolore non magnam minima eum. Et aperiam id omnis voluptas et rerum modi pariatur. Et earum molestias et ut. Adipisci quia tempore eum dolore et unde. Aut et voluptates sed est et maiores quos molestias. Quia enim dolor ipsam sunt provident ad ab. Quibusdam ut temporibus impedit quam. Nulla ex aut dignissimos rerum voluptas necessitatibus nam. Iure est aspernatur sint nisi iusto et. Quia nihil dolorum est quia molestiae aut ut. Molestiae dolor maxime sed ipsum. Repudiandae quia qui enim consectetur. Voluptas adipisci est officiis est. Vero in officia illum voluptas vel minima. Atque eveniet eligendi assumenda. Autem quo molestiae rem dolorem sed. Et qui non sequi ea ut dolores. Est explicabo qui aut et nisi perferendis ea facilis. Sit sequi veritatis aspernatur debitis. Similique animi quo nam ut qui sequi. Est repudiandae autem et. Ut voluptas dolorum quasi veritatis. Esse ut culpa suscipit. Rerum laboriosam similique at consequuntur porro perspiciatis. Fuga dicta voluptatum rerum suscipit neque fuga. Necessitatibus odio dolorem deserunt sapiente voluptatem rerum. Quia illo et cupiditate quisquam delectus ea. Sint sed autem sit fugiat. Voluptatem sint repellat minus voluptatum debitis aliquam labore. Aliquid dolore non dicta quia ab necessitatibus illum. Quis aut voluptas atque ut sequi nulla. Optio neque quisquam numquam id et. Ipsum ut quia asperiores rerum neque pariatur modi. Dolor dolores consectetur omnis. Repellat suscipit officiis consequatur id sint. Impedit consequuntur ducimus aut ad esse qui. Eos unde eius libero perferendis. Magni laboriosam nisi illo. Excepturi dolores facere quae sit omnis aut autem. Omnis esse dignissimos perspiciatis et. Vitae qui voluptas fugiat rerum. Repellendus laboriosam eius vero est est optio. Quisquam officiis eius dolorem. Amet ratione eum sed consectetur doloremque nisi nam aliquam. Dolorem quo in maxime suscipit autem. Repellat in et et eligendi maxime itaque consequatur. Commodi quibusdam est quia repellat. Quam quos sunt odit sed vel odit excepturi. Delectus aperiam ducimus velit. Sequi reprehenderit autem hic sint maiores est a sit. Atque atque sit sed sunt quas quia sequi. Perferendis eligendi quia rem et quia nisi dolor minima. Nisi non possimus reprehenderit.', 'https://img.freepik.com/free-photo/beautiful_1203-2633.jpg', '2023-06-05 12:19:42', '2022-12-24 11:46:01', '2023-06-05 12:19:42'),
(17, 'Laudantium expedita sed aspernatur officia.', 'laudantium-expedita-sed-aspernatur-officia', 'Temporibus animi occaecati minus et sit. Quae similique eum iure eum sunt. Voluptatem enim aut magni quia temporibus. Quo voluptatem minus corporis ut quo qui. Ducimus occaecati consequatur et harum dolorum dolor optio dicta. Est numquam sed autem tempore sed unde. Qui quia doloribus repellat dolores quo hic amet. Expedita cum iure sunt numquam sint et ea. Sit est quia perspiciatis. Est ipsa iste totam quia accusamus. Culpa accusamus sit natus similique eaque. Officia culpa dolores quod voluptas eveniet qui quia eos. Suscipit facilis enim sequi quis id qui. Repudiandae hic eum sed pariatur perspiciatis vero. Quaerat dignissimos pariatur dignissimos occaecati autem veniam hic. Qui officia nobis esse ducimus vero voluptas est. Quaerat id similique placeat assumenda laborum. Sit autem libero omnis est dolorem. Nesciunt ut pariatur nobis corporis maiores ut. Et rerum earum esse. Et nihil doloremque aperiam voluptatem aut a minus quo. Est sed sunt alias natus laboriosam nesciunt adipisci sit. Vel voluptatem nostrum a odio qui ut. Maxime consequatur quo eum magni autem harum accusamus impedit. Unde in et omnis neque ut. Incidunt sed neque libero labore itaque iusto laudantium. Doloremque qui laudantium corrupti distinctio rerum dolor. Numquam ea iure optio natus distinctio consectetur et. Deleniti quia soluta quam quia. Distinctio non quaerat cupiditate iusto et minus. Iste distinctio autem quasi ut. Consectetur nulla ducimus ut ut enim illum maxime consequatur. Est eos debitis dicta aspernatur nobis. Maxime non consectetur quia recusandae deserunt quos laborum. Dolore repudiandae iure ea deserunt at. Aut quia unde earum quae. Tenetur ea corporis dolores magni ea. Similique ipsa dolor est velit. Perferendis placeat nemo aut nisi aspernatur sequi. Sint ad laboriosam tenetur vitae. Et minima perferendis aspernatur. Optio quidem numquam atque possimus quo omnis pariatur. Amet aut eum beatae repellendus vel saepe quae. Rerum nulla reprehenderit ut. Aperiam ut voluptas exercitationem voluptatum voluptatem. Cumque nam veritatis qui qui repellendus. Eum vel sit doloremque quas ea illo. Impedit porro voluptatibus necessitatibus voluptatum. Praesentium vel voluptas nesciunt voluptas. Consequatur rerum qui sit ut molestias occaecati eos. Ipsum ut voluptates a aperiam ut. Quis ex praesentium quam quia nulla qui quis magnam. Eos aut consequatur quia consectetur autem in. Veniam corporis illum atque ut alias. Dolor dignissimos vel iste aliquid ipsum. Repudiandae dolorem aut rerum nisi doloribus. Consequatur id et consequuntur quia. Voluptatibus aut alias sunt quo odit. Non perspiciatis nobis nulla repudiandae explicabo voluptas. Minima ea asperiores quia nemo et accusamus et inventore. Sunt dolor expedita aut et qui. Repellendus architecto autem id hic praesentium. Error iusto id deserunt et magnam. Voluptatem culpa odit sed rerum. Et earum voluptate ut beatae autem quasi nihil veritatis. Vero odit maiores dignissimos consequuntur molestiae pariatur iste nemo. Optio repellat iusto optio voluptas aliquam laudantium rerum. Sunt sed omnis voluptatem minima animi. Quis natus consequatur aperiam voluptates occaecati. Non dolores nemo aut aut nam eos. Officiis veniam et nesciunt delectus autem et. Quis iusto architecto aliquam libero tempore ducimus quisquam. Sit esse libero aliquam sapiente. Quidem esse vel deserunt sequi perferendis voluptatem. Ipsa repellendus aut quam et iste occaecati. Illum ratione saepe aut sint ipsum voluptas. Reiciendis rem eum mollitia non. Commodi quo ut distinctio dolorem atque. Eos porro id at quo consequuntur. Fugiat ipsa voluptatum et delectus. Possimus libero voluptatem temporibus. Sequi nemo modi laudantium dolor quibusdam minus mollitia. Iure aut et asperiores consequuntur placeat ad. Voluptates facilis laboriosam cum et laboriosam quidem et. Ratione in alias deserunt eligendi voluptates reprehenderit. Quia cupiditate consequatur quaerat omnis quod libero distinctio. Beatae ea quo inventore ad. Voluptatum aut ut ipsa eveniet aspernatur. Asperiores dolorum consectetur sed dolorem possimus sequi necessitatibus dolore. Dolore explicabo labore cum ut voluptatem nostrum. Id est commodi repudiandae saepe maxime praesentium. Magnam sint ea quo.', 'https://img.freepik.com/free-photo/beautiful_1203-2633.jpg', '2023-06-05 12:19:42', '2022-10-03 17:01:33', '2023-06-05 12:19:42'),
(18, 'Esse non possimus maxime ut.', 'esse-non-possimus-maxime-ut', 'Eligendi sit repellat blanditiis et nesciunt tenetur. Et autem dignissimos voluptatum earum sint nisi. Illum veritatis eligendi earum explicabo recusandae nostrum non cupiditate. Eum id dolore delectus eos. Ut ut impedit unde eius soluta ipsum. Perferendis illo assumenda fuga recusandae ab voluptatem. Eum delectus itaque consectetur in quae aut totam. Vel ut doloribus eum nobis. Facilis ipsam quod eius quam itaque voluptatem sint aut. Occaecati adipisci veritatis iusto expedita. Minima impedit dolorem aut. Inventore praesentium nihil voluptate nihil debitis deleniti et. Ea id impedit ut ullam facere enim architecto. Quaerat facilis perspiciatis itaque laboriosam eius cum. Nesciunt sapiente temporibus a veritatis totam. Doloribus et culpa illum et. Et tempore cupiditate dolorem dolores est. Quis neque nihil quae. Totam officiis voluptas ullam tempore. Aut aspernatur veniam in sint aut rem. Sit eum voluptates repudiandae qui beatae. Pariatur nihil non aut iste quae. Omnis cum in autem reiciendis esse possimus nobis. Nobis quisquam assumenda amet id neque temporibus exercitationem. Qui natus labore ipsam delectus dolorum. Enim neque itaque eligendi aperiam quos ea. Dolores natus quae sint doloremque. Fugiat saepe nulla deleniti itaque enim id dolorem. Et quia quae rerum aliquid ea ea quisquam. Dignissimos iure et voluptate iusto rerum et quas. Cum eaque possimus facere iure et et quis. Aut totam sunt soluta voluptas magnam dolorem. Maiores et eum occaecati odio ipsum labore minus. Officia dolore et reprehenderit necessitatibus. Nobis aut non aliquid earum sit. Optio dolores ipsum quasi voluptatibus sapiente minima qui et. Cumque ad qui nihil dolore velit quia et. Nihil adipisci omnis incidunt ullam et aliquid quia. Non vel odit nesciunt quos temporibus recusandae. Aut sit quia dolores et. Excepturi veritatis nisi nulla laborum tenetur ut reprehenderit numquam. Non sed nobis enim eos labore et. Cupiditate quia praesentium voluptate fugit ex eos. Assumenda ducimus est at vitae quae. Magni sapiente quia consequuntur. Dolorem minima dolorum voluptatem. Delectus atque qui placeat laudantium aperiam. Corrupti totam ipsum quisquam rerum qui maxime libero. Quidem facere officiis eum cum minima omnis nobis. Commodi at vitae et est. Fuga et unde officiis voluptates. Enim labore rerum porro ut ea dolor voluptas esse. Similique deserunt nobis optio ad. Quos repellendus ea aliquid quos. Voluptates ipsa quia sequi sit totam. Dolore sint doloribus mollitia non magni. Sed in tempora in dolorem dolorum. Dolorum ea quo optio cupiditate in saepe quisquam. Enim soluta sint dicta qui. Quia voluptatem quidem quisquam sint nostrum aliquid. Sit sunt odit reiciendis quidem aut voluptas. Quaerat qui et quis et tempora quae magnam. Qui dignissimos incidunt quae dolor aperiam hic. Animi necessitatibus rerum adipisci necessitatibus quisquam voluptates et veniam. Architecto soluta voluptas saepe sed dolores temporibus. Alias et impedit consectetur nemo maiores iusto excepturi quae. Aut ratione voluptate fugiat temporibus. Et a vel sapiente quia rem temporibus consectetur. Quod assumenda omnis dolore quisquam consequuntur est et. Quidem illo laborum et ut dolores dolorum quia. Est alias labore quo cum qui autem sed. Ex minus consequatur in. Asperiores et soluta aut. Ut dolorem reiciendis eius ad. Accusantium harum harum nostrum molestiae maiores cupiditate velit. Quidem aperiam ex illum velit. Fuga dicta et veniam quia placeat quo officia ex. Id et voluptates inventore maxime odio. Et non eos non qui placeat aut. Omnis quia dicta deleniti quod repellendus excepturi quis. Delectus velit ipsum quibusdam dolor eveniet et doloremque ut. Expedita cum natus non tempora aperiam aut. Aut qui quia exercitationem labore ut eligendi recusandae. Doloribus mollitia et fuga vel quia et ullam aspernatur. Quis eos neque doloremque consequatur et repudiandae quia. Id nisi et qui quas. Impedit et est tenetur est eos sed consequatur. Ea provident fugiat et consequatur numquam. Et modi dolor amet culpa autem rerum. Debitis et numquam expedita earum. Tenetur eius fugit numquam maiores.', 'https://img.freepik.com/free-photo/beautiful_1203-2633.jpg', '2023-06-05 12:19:42', '2023-05-04 06:59:29', '2023-06-05 12:19:42'),
(19, 'Dignissimos error earum dolorem cum.', 'dignissimos-error-earum-dolorem-cum', 'Incidunt est quaerat ex est officiis beatae. In amet explicabo possimus tempora veritatis et qui sed. Illum repellat quam aut. Sed aspernatur id corrupti doloremque ea. Rerum nesciunt enim earum qui et ratione maiores. Distinctio laudantium dolores rem rem sint. Eum velit ad esse quae qui. Enim libero a voluptatum consequatur et. Eaque molestiae et similique. Assumenda qui qui saepe. Et ipsa dicta delectus tempore voluptas qui aliquid. Recusandae molestiae velit voluptates fugiat vero accusamus placeat. Sit vel magnam officiis voluptatem distinctio autem minima. Natus recusandae accusamus vitae perspiciatis magni dicta modi. Architecto sapiente non quidem in autem. Corporis at veritatis qui velit. Excepturi dolorem eum vel ullam. Rerum asperiores eum laboriosam nihil unde aut quia quis. Iste odit ea itaque commodi illum voluptatem vitae. Fuga pariatur eius sint blanditiis velit consequatur debitis id. Dolor facilis eos consectetur voluptate ex eveniet at. Ipsam pariatur aut doloremque culpa sed aliquid sit necessitatibus. Esse omnis vero recusandae officia pariatur fugit suscipit. Porro aut in et est provident commodi. Aliquid qui adipisci et enim magnam fugiat. Quam voluptatibus qui porro ratione blanditiis. Cumque corrupti libero adipisci doloremque et. Est non necessitatibus adipisci sit quod culpa ut. Distinctio non labore minima aut rem dicta molestiae. Consequuntur libero repellendus nam iusto. Aliquid asperiores minus et illo. Quod animi ratione exercitationem dolor qui culpa. Quia adipisci nulla vitae odio numquam ut. Tempore vel porro deleniti ipsam. Ea eum ut id dolorem repudiandae. Qui ut eos qui blanditiis dolor nesciunt rerum. Iste suscipit ipsam iure sequi laboriosam voluptatem dicta. Aspernatur rerum rerum consequatur. Aperiam vero aut ducimus aut minus commodi. Hic commodi aut eligendi hic. Expedita temporibus qui vel qui cupiditate est. Ipsa mollitia et dolores quos ut illo earum modi. Ut quo praesentium ad facere quas ipsa aut. Ab qui non eum quo iure rerum. Et et a non porro in vel nesciunt. Quos repudiandae alias sequi qui vitae. Deleniti autem a ullam beatae cupiditate magni laudantium. Velit animi architecto eos porro unde. Illum neque autem quasi soluta blanditiis. Veritatis est consequuntur illo. Consequatur accusantium voluptas quis ex. Sed aspernatur dolorum rem similique aperiam. Quas sit sit esse quis sint inventore illum dolore. Quod qui possimus vero aut libero. Porro voluptatibus qui dolorem est quo hic. Aut est quae in nostrum rerum. Ratione provident ipsam laboriosam ducimus. Sit similique recusandae commodi non beatae non est. Voluptatem sed velit voluptatem minus et rerum. Autem voluptas aut aliquid qui enim quod sequi. Ut est fugiat dignissimos at. Id est eaque ut ex modi deleniti saepe sunt. Modi hic nam libero accusantium placeat accusamus. Est et necessitatibus veritatis rerum deserunt. Mollitia vel culpa ipsam unde cupiditate ullam. Animi aut pariatur dolorem neque. Est laudantium a doloremque aut eveniet sint voluptas et. Omnis nulla sunt nisi fuga optio. Culpa quae ipsam fugit maxime. Maiores quis molestiae illo deserunt. Nihil numquam facilis aut distinctio eveniet quod ea. Explicabo molestiae modi aut velit quisquam ex mollitia. Ipsam ea quam hic repellat. Aut et temporibus rerum porro eum eius omnis. Omnis non quo unde eveniet consectetur eveniet deserunt quod. Ducimus reprehenderit libero sunt iste labore est. Est est assumenda a repudiandae qui dolorem libero. Reiciendis aspernatur iste voluptatem aut. Ut ab quod minus ea numquam. Debitis qui dicta officiis voluptas neque dolorem. Dolor rerum corrupti iste quas. Iste esse qui et esse id sit. Enim doloribus quod harum. Excepturi quis esse nemo quas debitis. Ut odio eos nemo adipisci architecto autem sunt. Quis sunt ipsam beatae quam. Corrupti earum exercitationem ipsa quasi quidem fugiat sunt. Necessitatibus repellat assumenda earum distinctio non. Officia in et rem. Sint sint quo sint voluptas dolor qui hic. Iusto deleniti doloremque mollitia ut non consequuntur. Perferendis libero qui cumque dolores. Velit voluptate veniam maxime voluptas suscipit hic rerum. Reiciendis voluptatem aut ad cumque dignissimos placeat. Modi enim laborum ratione cupiditate exercitationem dolor. Minus deserunt in est consequatur. Et ipsam natus repellendus minima quo reiciendis eos voluptatum. Veritatis ipsum maiores et unde blanditiis aut. Deleniti provident voluptate iste doloremque. Voluptas qui molestiae est qui. Animi nisi ut animi necessitatibus. Quasi quis possimus labore expedita. Id harum minima omnis eligendi.', 'https://img.freepik.com/free-photo/beautiful_1203-2633.jpg', '2023-06-05 12:19:42', '2023-02-06 15:32:12', '2023-06-05 12:19:42'),
(20, 'Et voluptas repellat corporis incidunt et.', 'et-voluptas-repellat-corporis-incidunt-et', 'Natus quidem quis nemo consectetur. Provident et totam vel ut. Accusantium aut sed eos rerum neque voluptatem. Inventore impedit voluptatum quaerat aut sint aut officiis. Tempora dolor ea quibusdam atque omnis omnis recusandae velit. Voluptas modi dolores error vitae. Assumenda reprehenderit sit facere itaque. Veritatis reiciendis vitae enim facilis exercitationem tempore. Labore neque maiores et commodi eos. Explicabo qui est hic error repellat impedit similique. Omnis nemo exercitationem id est dolor architecto culpa. Quaerat quisquam aperiam voluptas molestiae. Inventore odit doloribus quod saepe sed. Fugiat dolores eum consequatur id et placeat enim. Nemo in cupiditate quae doloribus. Eos veritatis ducimus recusandae explicabo est. Ut eligendi vel vel ipsam voluptatem corrupti. Itaque et eveniet nobis quo dolores pariatur qui. Vitae et voluptatem autem quia. Facilis velit quam possimus et. Nihil illo ut itaque magnam minima eum. Ab rerum quidem suscipit qui. Sapiente occaecati aut eum pariatur sapiente. Perferendis sint ut quia minima nemo illo veniam. Natus eveniet sint vel consequatur consequatur voluptate qui. Quasi iusto soluta nisi at ut dolorem qui. Nesciunt quae tempora animi libero. Molestiae eum molestias dolor doloribus. Expedita officiis in assumenda architecto eaque doloribus sunt. Consequatur quia tenetur ad mollitia veniam in non. Reiciendis voluptatem eos aut sed. Sint dolor corporis officia. Aperiam magni voluptatibus debitis expedita. Vel molestias repellat perferendis est facere asperiores. In eos soluta et doloribus rerum dolores. Aut optio ut ducimus corporis nostrum repudiandae et. Laudantium explicabo est tempore nisi nostrum et ut. Porro laborum nam minima reprehenderit. Accusantium consequatur rerum consequatur harum consequatur vitae repudiandae. Error magnam consequatur inventore necessitatibus est maiores. Architecto ipsa consequatur et illo dolor corporis quisquam. Animi dolorem eveniet mollitia hic assumenda aliquam magnam. Praesentium vitae expedita neque nemo sint et. Laboriosam sit quia repellendus aut. Voluptas nobis et aut saepe. Ea fugiat dolorem dolorum temporibus cum totam. Et dolorem est perspiciatis aliquam. Facilis praesentium et doloremque aspernatur blanditiis. Excepturi enim est dolorum repellat hic quia. Soluta maxime placeat excepturi distinctio harum placeat nihil unde. Pariatur quod facilis et. Velit est tenetur facilis aut esse voluptatem. Commodi explicabo unde eveniet placeat illo dolor. Hic dignissimos perferendis cumque recusandae. Sit ab quidem et similique non placeat. Esse rem neque tenetur aut alias commodi. Soluta ullam expedita nihil esse et et. Omnis et quia enim quos qui ea accusantium. Eius quo nihil illo aut perspiciatis quam voluptate quia. Fugiat et dolorem qui architecto. Velit officia eum aut consequuntur aut neque aliquam nihil. Non molestiae non est consequatur laudantium. Iusto animi eveniet aliquid alias accusamus accusamus sint enim. Praesentium est accusamus qui cum fugit unde. Velit officia vitae dignissimos qui ratione. Et nobis ipsa quam nemo. Enim quis impedit repellendus nesciunt consequatur ducimus est qui. Qui aperiam fuga eos sed cumque. Nostrum nobis eos perferendis non. Corrupti voluptatem earum ipsum reprehenderit qui reprehenderit nihil est. Odit quisquam at ipsum praesentium dignissimos odio. Doloribus aut ut voluptatibus enim. Molestias nam dolorum reiciendis eveniet. Dicta excepturi molestias maiores minima quasi nobis eligendi. Similique est voluptatibus voluptatem. Dolores et sunt voluptates possimus adipisci incidunt consequatur ea. At voluptas voluptate amet saepe tempora quam. Quia sit vel accusantium autem. Sunt explicabo nihil ut provident blanditiis. Ab eos dolorem aut vel et. Est praesentium ut dolore qui iste rerum facere. Non voluptate non autem fuga dolores. Ducimus facilis et accusantium. Porro officia et et nam corporis accusamus. Vero dolores nemo est beatae. Velit qui eius maiores pariatur sunt. Iusto aperiam quis voluptate sint rerum quibusdam. Esse veritatis quod dicta culpa tempore quas sed. Cumque eaque dolor molestiae a ipsa esse tenetur. Id aut aut sint omnis et consectetur voluptatum. Perferendis labore consectetur rerum commodi nemo. Quam laborum dolorem provident tempore consectetur. Ut quisquam autem et. Pariatur praesentium corporis animi explicabo ratione numquam. Fugit sit commodi ipsa. Aut est sint quos. Provident sint praesentium earum repudiandae nihil iusto voluptas. Amet temporibus tempora qui consequatur. Et repudiandae numquam doloremque neque nihil doloribus. Modi dolorum voluptatem nisi incidunt eligendi. Qui quam est dolores officia. Aliquid similique eius cupiditate praesentium placeat maiores voluptas temporibus. Reprehenderit eos repellendus deserunt perferendis occaecati. Dolorum fuga culpa consequatur alias. Similique beatae voluptatem expedita ut assumenda. Temporibus error quia ratione asperiores molestias corporis. Et porro dolore accusamus. Enim est sed et. Animi quia consectetur rem accusamus. Error quis necessitatibus et mollitia fuga sit. Error earum qui eum doloremque. Nam officia amet velit libero impedit sit et. Sint aperiam ullam molestiae reprehenderit deleniti odio velit. Qui rerum laudantium ut nihil temporibus nobis earum. Quia qui molestiae voluptatem dolores. Dolorem et porro qui et excepturi voluptas sed. Rem suscipit tempora ad suscipit quas voluptas. Maxime quis expedita et omnis non. Accusantium ab voluptas iste debitis. Aut aut animi et quaerat. Qui harum repellat temporibus rerum ducimus. Non molestias ab eligendi assumenda sed quaerat. Officiis repellat et enim recusandae sit a ratione. Est provident eveniet voluptas cupiditate. Id sed natus illo dolore veniam. Optio a maxime voluptates exercitationem praesentium ut quos. Porro ex magnam voluptas aperiam voluptatibus placeat quis. Sed numquam officiis officiis voluptatem nobis. Aut qui corrupti dolore quo repellendus cupiditate. Sit repellat eos ex qui eos. Debitis similique vero modi ipsum repudiandae aut nostrum. Culpa aliquam debitis est id odio non nemo. Id autem eaque animi. Et ea autem itaque qui voluptatem nisi. Ea provident sequi minus ipsa iste. Sint rerum unde sit saepe voluptates quo harum. Reprehenderit iste soluta vel sed esse quidem.', 'https://img.freepik.com/free-photo/beautiful_1203-2633.jpg', '2023-06-05 12:19:42', '2023-04-11 20:14:27', '2023-06-05 12:19:42');

-- --------------------------------------------------------

--
-- Структура таблицы `article_tag`
--

CREATE TABLE `article_tag` (
  `article_id` bigint UNSIGNED NOT NULL,
  `tag_id` bigint UNSIGNED NOT NULL
) ENGINE=InnoDB DEFAULT CHARSET=utf8mb4 COLLATE=utf8mb4_unicode_ci;

--
-- Дамп данных таблицы `article_tag`
--

INSERT INTO `article_tag` (`article_id`, `tag_id`) VALUES
(1, 1),
(1, 4),
(1, 8),
(2, 1),
(2, 9),
(2, 10),
(3, 6),
(3, 7),
(3, 9),
(4, 3),
(4, 4),
(4, 6),
(5, 1),
(5, 2),
(5, 9),
(6, 2),
(6, 4),
(6, 9),
(7, 4),
(7, 5),
(7, 8),
(8, 1),
(8, 8),
(8, 10),
(9, 2),
(9, 7),
(9, 10),
(10, 1),
(10, 5),
(10, 7),
(11, 4),
(11, 5),
(11, 9),
(12, 2),
(12, 8),
(12, 10),
(13, 1),
(13, 7),
(13, 10),
(14, 2),
(14, 3),
(14, 8),
(15, 2),
(15, 7),
(15, 9),
(16, 1),
(16, 2),
(16, 8),
(17, 1),
(17, 2),
(17, 6),
(18, 8),
(18, 9),
(18, 10),
(19, 1),
(19, 2),
(19, 4),
(20, 3),
(20, 6),
(20, 7);

-- --------------------------------------------------------

--
-- Структура таблицы `comments`
--

CREATE TABLE `comments` (
  `id` bigint UNSIGNED NOT NULL,
  `subject` varchar(255) COLLATE utf8mb4_unicode_ci NOT NULL,
  `body` text COLLATE utf8mb4_unicode_ci NOT NULL,
  `article_id` bigint UNSIGNED NOT NULL,
  `created_at` timestamp NULL DEFAULT NULL,
  `updated_at` timestamp NULL DEFAULT NULL
) ENGINE=InnoDB DEFAULT CHARSET=utf8mb4 COLLATE=utf8mb4_unicode_ci;

--
-- Дамп данных таблицы `comments`
--

INSERT INTO `comments` (`id`, `subject`, `body`, `article_id`, `created_at`, `updated_at`) VALUES
(1, 'Tenetur velit cum sed.', 'Similique modi itaque est placeat blanditiis rerum sed culpa. Voluptate sint sunt quaerat aspernatur. Nihil distinctio et autem in.', 1, '2023-06-05 12:19:42', '2023-06-05 12:19:42'),
(2, 'Culpa culpa numquam cumque.', 'Sed dolor quae et blanditiis sit molestiae. Qui consequatur reiciendis qui suscipit voluptate. Quisquam sed repellat ullam dolores ut magni qui quos.', 1, '2023-06-05 12:19:42', '2023-06-05 12:19:42'),
(3, 'Et dolor.', 'Facilis ut deleniti eaque natus et voluptas expedita. Et ipsa aut voluptatibus voluptas unde eum aliquid. Dolor qui quia iste voluptatem dolore.', 1, '2023-06-05 12:19:42', '2023-06-05 12:19:42'),
(4, 'Distinctio ad excepturi porro.', 'Culpa animi possimus quod occaecati. Fugit voluptas molestiae aut et ea doloremque. Placeat quas optio exercitationem.', 2, '2023-06-05 12:19:42', '2023-06-05 12:19:42'),
(5, 'Voluptatem a sit.', 'Dolores qui rerum facilis ipsa quo eligendi iste. Aut minus voluptatem et laborum corporis voluptate quo. Deleniti unde autem asperiores consequatur quo aspernatur.', 2, '2023-06-05 12:19:42', '2023-06-05 12:19:42'),
(6, 'Voluptatem quidem animi.', 'Quia architecto asperiores facilis eos quia. Dolor ut quod quo quis sit sed. Reprehenderit quis quia exercitationem provident.', 2, '2023-06-05 12:19:42', '2023-06-05 12:19:42'),
(7, 'Nostrum est quasi commodi.', 'Sequi et qui sed animi. Officia rerum voluptatem quia eveniet non eligendi aut. Quod non laboriosam consequuntur non dicta eius.', 3, '2023-06-05 12:19:42', '2023-06-05 12:19:42'),
(8, 'Reiciendis minima quaerat distinctio.', 'Odit in ea sit vel. Ab modi eveniet ea fuga esse. Quia error explicabo ut fuga recusandae dolor voluptatem.', 3, '2023-06-05 12:19:42', '2023-06-05 12:19:42'),
(9, 'Occaecati earum enim vel.', 'Consequatur ab non repudiandae officia similique quisquam necessitatibus nemo. Ab ea corporis omnis dolores voluptas et libero. Ratione et illo eos eos dolores quia et.', 3, '2023-06-05 12:19:42', '2023-06-05 12:19:42'),
(10, 'Qui illum iure.', 'Beatae libero dolorem dolorum quis expedita et alias sunt. Vel non ipsa illo enim. Ut sunt rerum unde qui.', 4, '2023-06-05 12:19:42', '2023-06-05 12:19:42'),
(11, 'Perspiciatis quaerat quo.', 'Vel est et ullam animi et quo. Et dolores quia et sed temporibus. Libero eum natus non vel.', 4, '2023-06-05 12:19:42', '2023-06-05 12:19:42'),
(12, 'Iure aliquid modi distinctio.', 'Et impedit sit omnis laudantium. Hic et quia occaecati ut harum laboriosam incidunt error. Dolorem dolorem qui aut accusamus distinctio.', 4, '2023-06-05 12:19:42', '2023-06-05 12:19:42'),
(13, 'Eum officia nesciunt harum.', 'Esse architecto beatae animi quisquam expedita magni eligendi. Velit sed officiis cumque itaque repellendus placeat et et. Et aut maxime quia mollitia.', 5, '2023-06-05 12:19:42', '2023-06-05 12:19:42'),
(14, 'Incidunt illum reprehenderit repudiandae.', 'Odio molestias voluptatem ipsam omnis libero. Quisquam facilis autem quod voluptatum quaerat eius fuga. Eveniet quia esse expedita.', 5, '2023-06-05 12:19:42', '2023-06-05 12:19:42'),
(15, 'Similique voluptas sapiente eligendi.', 'Atque deleniti officiis quam quo eligendi id. Commodi hic eius molestias. Vero nulla earum rerum magni animi itaque.', 5, '2023-06-05 12:19:42', '2023-06-05 12:19:42'),
(16, 'Itaque ipsa et.', 'Quia laborum molestiae ut quia. Aut doloremque culpa officiis. Ab dolor et et quibusdam nemo voluptatem.', 6, '2023-06-05 12:19:42', '2023-06-05 12:19:42'),
(17, 'Temporibus ipsa labore.', 'Illo reprehenderit doloribus facilis aut consequatur ut nulla. Exercitationem voluptates ad dolorem corrupti. Suscipit fugit omnis dolorem repellat dolor.', 6, '2023-06-05 12:19:42', '2023-06-05 12:19:42'),
(18, 'In ex aspernatur veniam cumque.', 'Tenetur quis et quisquam sit vel facilis praesentium nulla. Quas nesciunt libero ut voluptatibus aut saepe iste dolorem. Adipisci quibusdam tenetur id doloremque voluptatem.', 6, '2023-06-05 12:19:42', '2023-06-05 12:19:42'),
(19, 'Explicabo voluptas voluptatibus non.', 'Quisquam fugiat totam quos aliquam. Pariatur quia sapiente aliquam perspiciatis natus voluptate quia. Excepturi neque excepturi sapiente iusto necessitatibus temporibus eaque possimus.', 7, '2023-06-05 12:19:42', '2023-06-05 12:19:42'),
(20, 'Atque voluptates ut.', 'Aut temporibus rerum porro vitae. Voluptatem nostrum quas rerum impedit rem consequatur doloribus. Et tempora explicabo animi provident voluptate optio delectus.', 7, '2023-06-05 12:19:42', '2023-06-05 12:19:42'),
(21, 'Iusto eveniet vero.', 'Velit dolor placeat autem quae quo. Ea ut ratione sunt rerum est. Quia culpa quasi quia sequi sit quasi voluptatum pariatur.', 7, '2023-06-05 12:19:42', '2023-06-05 12:19:42'),
(22, 'Praesentium rerum repellendus.', 'Officia dolores et veniam odio ut maxime dolor. Et laudantium quaerat est sunt. Accusantium numquam quidem nulla enim laudantium occaecati.', 8, '2023-06-05 12:19:42', '2023-06-05 12:19:42'),
(23, 'Repudiandae assumenda repudiandae.', 'Aliquam laboriosam illo eligendi qui porro neque. Corporis id ut quis iusto incidunt quae fugit perspiciatis. Cumque id laboriosam non.', 8, '2023-06-05 12:19:42', '2023-06-05 12:19:42'),
(24, 'Aliquid necessitatibus qui ut.', 'Vitae iste et sed et. Consequuntur voluptas officiis quo ea exercitationem. Molestiae ex veniam mollitia sunt.', 8, '2023-06-05 12:19:42', '2023-06-05 12:19:42'),
(25, 'Architecto non optio sint.', 'Neque reprehenderit vel natus reiciendis. Deserunt amet consequatur vitae aliquam non reiciendis culpa. Reprehenderit dolorem repellendus alias hic voluptatem natus ipsum.', 9, '2023-06-05 12:19:42', '2023-06-05 12:19:42'),
(26, 'Dolorem in.', 'Sunt dolore qui minus laboriosam molestiae laboriosam. Nam itaque consectetur eum dolorem in maxime ut. Debitis voluptas ipsam facilis optio nobis qui culpa.', 9, '2023-06-05 12:19:42', '2023-06-05 12:19:42'),
(27, 'Et eligendi dolorum.', 'Saepe tempore ducimus vero molestiae dolor. Non sunt mollitia vitae fugit nostrum aperiam ullam. Accusamus necessitatibus in quod et et molestiae ut voluptatem.', 9, '2023-06-05 12:19:42', '2023-06-05 12:19:42'),
(28, 'Velit pariatur sint.', 'Nisi sit neque quod laborum aut autem. Voluptas nisi animi quia nisi. Saepe adipisci deleniti voluptas aliquam dolor deleniti.', 10, '2023-06-05 12:19:42', '2023-06-05 12:19:42'),
(29, 'Dolorum minus qui accusamus dolorem.', 'Veniam tempora non ut. Labore porro nemo a nostrum et maxime. Autem velit sunt porro alias amet.', 10, '2023-06-05 12:19:42', '2023-06-05 12:19:42'),
(30, 'Consequatur fuga quidem animi.', 'Et eius alias deleniti et et. Nam et et voluptas ut. Voluptates mollitia occaecati architecto adipisci deleniti molestias et autem.', 10, '2023-06-05 12:19:42', '2023-06-05 12:19:42'),
(31, 'Voluptates ad ullam.', 'Assumenda architecto est veritatis ipsa perspiciatis illo quasi. Qui iure omnis est quod non. Unde cum facere animi.', 11, '2023-06-05 12:19:42', '2023-06-05 12:19:42'),
(32, 'Quasi perferendis et.', 'Harum ut aut quos nesciunt. At aut doloribus et qui alias autem. Distinctio id reiciendis incidunt placeat voluptas.', 11, '2023-06-05 12:19:42', '2023-06-05 12:19:42'),
(33, 'Incidunt facere nostrum illum.', 'Rerum possimus vel officia assumenda et. Rerum eos omnis consectetur. Ex qui placeat eum illum adipisci commodi.', 11, '2023-06-05 12:19:42', '2023-06-05 12:19:42'),
(34, 'Velit dolor at.', 'Consequuntur dolor soluta laudantium quo enim quo nobis. Minima sed tempore molestias accusantium eaque deleniti tempora. Dolorum quae distinctio cupiditate delectus nulla sequi.', 12, '2023-06-05 12:19:42', '2023-06-05 12:19:42'),
(35, 'Consequatur doloribus veritatis ratione.', 'Rem eveniet et corrupti vero. Molestiae et aperiam labore sapiente est doloribus temporibus. Odit officia excepturi voluptatum voluptate dignissimos ut.', 12, '2023-06-05 12:19:42', '2023-06-05 12:19:42'),
(36, 'Molestiae rem possimus eum reprehenderit.', 'Necessitatibus voluptatem autem labore vel rerum et modi. Vel reprehenderit sed enim fugit nesciunt expedita sapiente iure. At in nemo magnam quia quasi.', 12, '2023-06-05 12:19:42', '2023-06-05 12:19:42'),
(37, 'Velit aut ut possimus.', 'Sit eius ut iure cum. Repellat fugit quisquam numquam dicta excepturi. Quasi asperiores quae corporis et laudantium culpa at.', 13, '2023-06-05 12:19:42', '2023-06-05 12:19:42'),
(38, 'Dicta dignissimos aut molestiae.', 'Rerum expedita velit voluptatem atque et et aut aspernatur. Vel praesentium voluptate sapiente. Cum dolore dolor vel voluptatem.', 13, '2023-06-05 12:19:42', '2023-06-05 12:19:42'),
(39, 'Non impedit eaque ipsum.', 'Blanditiis dolores ut omnis laudantium explicabo quos consequatur earum. Alias rerum inventore voluptatem est non. Adipisci quibusdam est aliquam nemo molestias nam nobis.', 13, '2023-06-05 12:19:42', '2023-06-05 12:19:42'),
(40, 'Deleniti expedita corrupti ea.', 'Occaecati soluta quae minus ad accusantium. Autem eius qui et asperiores qui molestiae. Corrupti expedita fugiat numquam.', 14, '2023-06-05 12:19:42', '2023-06-05 12:19:42'),
(41, 'Rerum numquam voluptates harum.', 'Et reiciendis dolor dolorum quisquam. Aut possimus sequi quo. Dolorem earum sint autem non qui.', 14, '2023-06-05 12:19:42', '2023-06-05 12:19:42'),
(42, 'Labore voluptatem placeat nihil.', 'Ipsam commodi ipsa enim voluptatem quia. Culpa dignissimos blanditiis commodi rerum. Quisquam deserunt quibusdam debitis et enim.', 14, '2023-06-05 12:19:42', '2023-06-05 12:19:42'),
(43, 'Veniam nulla.', 'Harum sunt voluptatibus consequatur impedit rerum enim aliquid. Aut ratione nobis reiciendis vero reprehenderit ea accusantium. Perferendis officiis repellat repellendus deleniti.', 15, '2023-06-05 12:19:42', '2023-06-05 12:19:42'),
(44, 'Est sit qui.', 'Aliquid tempora nostrum nihil perferendis eveniet. Eaque facilis sint excepturi veritatis magnam. Eaque laborum voluptates aut dolores voluptatum qui iusto.', 15, '2023-06-05 12:19:42', '2023-06-05 12:19:42'),
(45, 'Et ullam sunt quibusdam.', 'Quidem culpa eaque officiis excepturi voluptatem accusamus. At aliquid error commodi quia delectus. Nulla dolorum necessitatibus in voluptate enim repellat consequatur.', 15, '2023-06-05 12:19:42', '2023-06-05 12:19:42'),
(46, 'Labore voluptatibus eius et.', 'Hic aut ut eos nobis. Et dolores iusto vero rerum mollitia. Est odio aliquid et est.', 16, '2023-06-05 12:19:42', '2023-06-05 12:19:42'),
(47, 'Dolore a reiciendis molestiae.', 'Et cupiditate molestias ut magni id vero quae assumenda. Rerum iusto consequatur laudantium fugit quia. Voluptatem iusto eos a repudiandae.', 16, '2023-06-05 12:19:42', '2023-06-05 12:19:42'),
(48, 'Omnis reiciendis labore qui.', 'Ab sint sunt harum nihil praesentium. Voluptatem quae eaque quia laborum mollitia quibusdam. Perferendis molestiae impedit enim voluptatibus similique nesciunt sapiente facilis.', 16, '2023-06-05 12:19:42', '2023-06-05 12:19:42'),
(49, 'Et omnis qui non.', 'Possimus facilis et omnis rerum repudiandae. Possimus eligendi sit doloremque incidunt esse vitae quae adipisci. Qui rem possimus ut veritatis vel et.', 17, '2023-06-05 12:19:42', '2023-06-05 12:19:42'),
(50, 'Est eum officia esse.', 'Aspernatur doloribus nemo ullam expedita ullam quam voluptatum et. Consequatur corporis sint labore sed et. Dolorem magnam quod assumenda occaecati qui porro.', 17, '2023-06-05 12:19:42', '2023-06-05 12:19:42'),
(51, 'Quae est.', 'Voluptatibus molestias molestiae autem molestiae perferendis quas. Eaque explicabo et at dolores excepturi aut quo. Aperiam dolor exercitationem eum dolorum voluptatem sequi aspernatur.', 17, '2023-06-05 12:19:42', '2023-06-05 12:19:42'),
(52, 'Aut eos aut ut.', 'Debitis sed fugit est eius sunt. Voluptates molestiae dolor eius et quia non laborum. In sunt consequatur itaque cum qui architecto ut accusamus.', 18, '2023-06-05 12:19:42', '2023-06-05 12:19:42'),
(53, 'Distinctio adipisci ut sed.', 'Et similique ut ullam doloremque. Vitae sit non qui suscipit neque. Dolor sint placeat corrupti harum veniam provident.', 18, '2023-06-05 12:19:42', '2023-06-05 12:19:42'),
(54, 'Non nostrum.', 'Tenetur officia iusto doloribus dolores quo voluptatum est. Unde qui assumenda porro. Quia in quaerat fugit expedita nobis voluptas omnis.', 18, '2023-06-05 12:19:42', '2023-06-05 12:19:42'),
(55, 'Ea illo rem.', 'Incidunt fuga ratione et mollitia animi ut inventore. Consequatur nam qui omnis qui. Aperiam qui ut iure voluptatum.', 19, '2023-06-05 12:19:42', '2023-06-05 12:19:42'),
(56, 'Dolores necessitatibus perferendis quia.', 'Impedit quos labore aut enim. Repellendus optio excepturi facere. Veritatis omnis perspiciatis quidem est distinctio.', 19, '2023-06-05 12:19:42', '2023-06-05 12:19:42'),
(57, 'Doloribus tenetur omnis error.', 'Quisquam esse fugit minus doloribus. Molestiae omnis sit deserunt iste. Culpa quibusdam voluptas aut omnis voluptatem ut maiores.', 19, '2023-06-05 12:19:42', '2023-06-05 12:19:42'),
(58, 'Quos qui asperiores ut.', 'Quibusdam amet qui neque aliquam rerum quia dolore. Autem praesentium et praesentium ipsam quis voluptas soluta. Voluptas eius dolorem cumque ut ipsam impedit eos.', 20, '2023-06-05 12:19:42', '2023-06-05 12:19:42'),
(59, 'Impedit quia iste.', 'Voluptas dignissimos reprehenderit earum quos quo error consequatur. Iste omnis labore delectus cumque minus et. Voluptatum et quidem et dicta sint unde aut omnis.', 20, '2023-06-05 12:19:42', '2023-06-05 12:19:42'),
(60, 'Officia tenetur totam vero recusandae.', 'Officia corporis sequi neque sit blanditiis non. Est id laudantium tenetur non. In qui blanditiis non asperiores inventore.', 20, '2023-06-05 12:19:42', '2023-06-05 12:19:42');

-- --------------------------------------------------------

--
-- Структура таблицы `failed_jobs`
--

CREATE TABLE `failed_jobs` (
  `id` bigint UNSIGNED NOT NULL,
  `uuid` varchar(255) COLLATE utf8mb4_unicode_ci NOT NULL,
  `connection` text COLLATE utf8mb4_unicode_ci NOT NULL,
  `queue` text COLLATE utf8mb4_unicode_ci NOT NULL,
  `payload` longtext COLLATE utf8mb4_unicode_ci NOT NULL,
  `exception` longtext COLLATE utf8mb4_unicode_ci NOT NULL,
  `failed_at` timestamp NOT NULL DEFAULT CURRENT_TIMESTAMP
) ENGINE=InnoDB DEFAULT CHARSET=utf8mb4 COLLATE=utf8mb4_unicode_ci;

-- --------------------------------------------------------

--
-- Структура таблицы `migrations`
--

CREATE TABLE `migrations` (
  `id` int UNSIGNED NOT NULL,
  `migration` varchar(255) COLLATE utf8mb4_unicode_ci NOT NULL,
  `batch` int NOT NULL
) ENGINE=InnoDB DEFAULT CHARSET=utf8mb4 COLLATE=utf8mb4_unicode_ci;

--
-- Дамп данных таблицы `migrations`
--

INSERT INTO `migrations` (`id`, `migration`, `batch`) VALUES
(109, '2014_10_12_000000_create_users_table', 1),
(110, '2014_10_12_100000_create_password_reset_tokens_table', 1),
(111, '2019_08_19_000000_create_failed_jobs_table', 1),
(112, '2019_12_14_000001_create_personal_access_tokens_table', 1),
(113, '2023_05_08_140033_create_articles_table', 1),
(114, '2023_05_08_140246_create_tags_table', 1),
(115, '2023_05_08_140258_create_comments_table', 1),
(116, '2023_05_08_140311_create_states_table', 1),
(117, '2023_05_08_140355_create_article_tag_table', 1);

-- --------------------------------------------------------

--
-- Структура таблицы `password_reset_tokens`
--

CREATE TABLE `password_reset_tokens` (
  `email` varchar(255) COLLATE utf8mb4_unicode_ci NOT NULL,
  `token` varchar(255) COLLATE utf8mb4_unicode_ci NOT NULL,
  `created_at` timestamp NULL DEFAULT NULL
) ENGINE=InnoDB DEFAULT CHARSET=utf8mb4 COLLATE=utf8mb4_unicode_ci;

-- --------------------------------------------------------

--
-- Структура таблицы `personal_access_tokens`
--

CREATE TABLE `personal_access_tokens` (
  `id` bigint UNSIGNED NOT NULL,
  `tokenable_type` varchar(255) COLLATE utf8mb4_unicode_ci NOT NULL,
  `tokenable_id` bigint UNSIGNED NOT NULL,
  `name` varchar(255) COLLATE utf8mb4_unicode_ci NOT NULL,
  `token` varchar(64) COLLATE utf8mb4_unicode_ci NOT NULL,
  `abilities` text COLLATE utf8mb4_unicode_ci,
  `last_used_at` timestamp NULL DEFAULT NULL,
  `expires_at` timestamp NULL DEFAULT NULL,
  `created_at` timestamp NULL DEFAULT NULL,
  `updated_at` timestamp NULL DEFAULT NULL
) ENGINE=InnoDB DEFAULT CHARSET=utf8mb4 COLLATE=utf8mb4_unicode_ci;

-- --------------------------------------------------------

--
-- Структура таблицы `states`
--

CREATE TABLE `states` (
  `id` bigint UNSIGNED NOT NULL,
  `likes` int NOT NULL,
  `views` int NOT NULL,
  `article_id` bigint UNSIGNED NOT NULL
) ENGINE=InnoDB DEFAULT CHARSET=utf8mb4 COLLATE=utf8mb4_unicode_ci;

--
-- Дамп данных таблицы `states`
--

INSERT INTO `states` (`id`, `likes`, `views`, `article_id`) VALUES
(1, 18, 98, 1),
(2, 19, 59, 2),
(3, 5, 54, 3),
(4, 16, 28, 4),
(5, 14, 52, 5),
(6, 20, 76, 6),
(7, 14, 92, 7),
(8, 12, 67, 8),
(9, 14, 71, 9),
(10, 10, 56, 10),
(11, 2, 86, 11),
(12, 13, 61, 12),
(13, 3, 74, 13),
(14, 19, 69, 14),
(15, 12, 66, 15),
(16, 15, 27, 16),
(17, 4, 72, 17),
(18, 18, 73, 18),
(19, 10, 29, 19),
(20, 11, 36, 20);

-- --------------------------------------------------------

--
-- Структура таблицы `tags`
--

CREATE TABLE `tags` (
  `id` bigint UNSIGNED NOT NULL,
  `label` varchar(255) COLLATE utf8mb4_unicode_ci NOT NULL
) ENGINE=InnoDB DEFAULT CHARSET=utf8mb4 COLLATE=utf8mb4_unicode_ci;

--
-- Дамп данных таблицы `tags`
--

INSERT INTO `tags` (`id`, `label`) VALUES
(5, 'aliquam'),
(3, 'corrupti'),
(8, 'culpa'),
(1, 'deleniti'),
(4, 'ea'),
(2, 'explicabo'),
(7, 'inventore'),
(10, 'quaerat'),
(6, 'reprehenderit'),
(9, 'voluptas');

-- --------------------------------------------------------

--
-- Структура таблицы `users`
--

CREATE TABLE `users` (
  `id` bigint UNSIGNED NOT NULL,
  `name` varchar(255) COLLATE utf8mb4_unicode_ci NOT NULL,
  `email` varchar(255) COLLATE utf8mb4_unicode_ci NOT NULL,
  `email_verified_at` timestamp NULL DEFAULT NULL,
  `password` varchar(255) COLLATE utf8mb4_unicode_ci NOT NULL,
  `remember_token` varchar(100) COLLATE utf8mb4_unicode_ci DEFAULT NULL,
  `created_at` timestamp NULL DEFAULT NULL,
  `updated_at` timestamp NULL DEFAULT NULL
) ENGINE=InnoDB DEFAULT CHARSET=utf8mb4 COLLATE=utf8mb4_unicode_ci;

--
-- Индексы сохранённых таблиц
--

--
-- Индексы таблицы `articles`
--
ALTER TABLE `articles`
  ADD PRIMARY KEY (`id`),
  ADD UNIQUE KEY `articles_title_unique` (`title`),
  ADD UNIQUE KEY `articles_slug_unique` (`slug`);

--
-- Индексы таблицы `article_tag`
--
ALTER TABLE `article_tag`
  ADD KEY `article_tag_article_id_foreign` (`article_id`),
  ADD KEY `article_tag_tag_id_foreign` (`tag_id`);

--
-- Индексы таблицы `comments`
--
ALTER TABLE `comments`
  ADD PRIMARY KEY (`id`),
  ADD KEY `comments_article_id_foreign` (`article_id`);

--
-- Индексы таблицы `failed_jobs`
--
ALTER TABLE `failed_jobs`
  ADD PRIMARY KEY (`id`),
  ADD UNIQUE KEY `failed_jobs_uuid_unique` (`uuid`);

--
-- Индексы таблицы `migrations`
--
ALTER TABLE `migrations`
  ADD PRIMARY KEY (`id`);

--
-- Индексы таблицы `password_reset_tokens`
--
ALTER TABLE `password_reset_tokens`
  ADD PRIMARY KEY (`email`);

--
-- Индексы таблицы `personal_access_tokens`
--
ALTER TABLE `personal_access_tokens`
  ADD PRIMARY KEY (`id`),
  ADD UNIQUE KEY `personal_access_tokens_token_unique` (`token`),
  ADD KEY `personal_access_tokens_tokenable_type_tokenable_id_index` (`tokenable_type`,`tokenable_id`);

--
-- Индексы таблицы `states`
--
ALTER TABLE `states`
  ADD PRIMARY KEY (`id`),
  ADD KEY `states_article_id_foreign` (`article_id`);

--
-- Индексы таблицы `tags`
--
ALTER TABLE `tags`
  ADD PRIMARY KEY (`id`),
  ADD UNIQUE KEY `tags_label_unique` (`label`);

--
-- Индексы таблицы `users`
--
ALTER TABLE `users`
  ADD PRIMARY KEY (`id`),
  ADD UNIQUE KEY `users_email_unique` (`email`);

--
-- AUTO_INCREMENT для сохранённых таблиц
--

--
-- AUTO_INCREMENT для таблицы `articles`
--
ALTER TABLE `articles`
  MODIFY `id` bigint UNSIGNED NOT NULL AUTO_INCREMENT, AUTO_INCREMENT=21;

--
-- AUTO_INCREMENT для таблицы `comments`
--
ALTER TABLE `comments`
  MODIFY `id` bigint UNSIGNED NOT NULL AUTO_INCREMENT, AUTO_INCREMENT=61;

--
-- AUTO_INCREMENT для таблицы `failed_jobs`
--
ALTER TABLE `failed_jobs`
  MODIFY `id` bigint UNSIGNED NOT NULL AUTO_INCREMENT;

--
-- AUTO_INCREMENT для таблицы `migrations`
--
ALTER TABLE `migrations`
  MODIFY `id` int UNSIGNED NOT NULL AUTO_INCREMENT, AUTO_INCREMENT=118;

--
-- AUTO_INCREMENT для таблицы `personal_access_tokens`
--
ALTER TABLE `personal_access_tokens`
  MODIFY `id` bigint UNSIGNED NOT NULL AUTO_INCREMENT;

--
-- AUTO_INCREMENT для таблицы `states`
--
ALTER TABLE `states`
  MODIFY `id` bigint UNSIGNED NOT NULL AUTO_INCREMENT, AUTO_INCREMENT=21;

--
-- AUTO_INCREMENT для таблицы `tags`
--
ALTER TABLE `tags`
  MODIFY `id` bigint UNSIGNED NOT NULL AUTO_INCREMENT, AUTO_INCREMENT=11;

--
-- AUTO_INCREMENT для таблицы `users`
--
ALTER TABLE `users`
  MODIFY `id` bigint UNSIGNED NOT NULL AUTO_INCREMENT;

--
-- Ограничения внешнего ключа сохраненных таблиц
--

--
-- Ограничения внешнего ключа таблицы `article_tag`
--
ALTER TABLE `article_tag`
  ADD CONSTRAINT `article_tag_article_id_foreign` FOREIGN KEY (`article_id`) REFERENCES `articles` (`id`) ON DELETE CASCADE,
  ADD CONSTRAINT `article_tag_tag_id_foreign` FOREIGN KEY (`tag_id`) REFERENCES `tags` (`id`) ON DELETE CASCADE;

--
-- Ограничения внешнего ключа таблицы `comments`
--
ALTER TABLE `comments`
  ADD CONSTRAINT `comments_article_id_foreign` FOREIGN KEY (`article_id`) REFERENCES `articles` (`id`) ON DELETE CASCADE;

--
-- Ограничения внешнего ключа таблицы `states`
--
ALTER TABLE `states`
  ADD CONSTRAINT `states_article_id_foreign` FOREIGN KEY (`article_id`) REFERENCES `articles` (`id`) ON DELETE CASCADE;
COMMIT;

/*!40101 SET CHARACTER_SET_CLIENT=@OLD_CHARACTER_SET_CLIENT */;
/*!40101 SET CHARACTER_SET_RESULTS=@OLD_CHARACTER_SET_RESULTS */;
/*!40101 SET COLLATION_CONNECTION=@OLD_COLLATION_CONNECTION */;
